Ground Truth (GT),LR (3000),Att(4000) (proper weights),LIG (5000),LIME (5000),LxA(5000),,Att (1400),Correct Att (3500),Correct LR (1500),,,"GT with ,","LR with ,","Att with ,","LIG with ,","LIME with ,","LxA with ,"
superficial,parental,what,parental,new,parental,,wit,the,parental,,,"superficial,","parental,","what,","parental,","new,","parental,"
depressed,the,on,new,units,new,,human,from,the,,,"depressed,","the,","on,","new,","units,","new,"
redundant,wit,notorious,contains,hide,from,,filmmakers,new,wit,,,"redundant,","wit,","notorious,","contains,","hide,","from,"
succeeds,only,or,wit,contains,only,,too,units,only,,,"succeeds,","only,","or,","wit,","contains,","only,"
crude,and,to,characters,something,nature,,demonstrates,hide,and,,,"crude,","and,","to,","characters,","something,","nature,"
oblivious,characters,past,nature,human,characters,,emotional,",",about,,,"oblivious,","characters,","past,","nature,","human,","characters,"
sharply,something,compared,and,rather,about,,of,no,human,,,"sharply,","something,","compared,","and,","rather,","about,"
recycled,beautiful,this,beautiful,nature,beautiful,,poetry,only,remain,,,"recycled,","beautiful,","this,","beautiful,","nature,","beautiful,"
proves,human,other,rather,beautiful,something,,most,contains,filmmakers,,,"proves,","human,","other,","rather,","beautiful,","something,"
vivid,utterly,for,throughout,characters,and,,deeply,and,could,,,"vivid,","utterly,","for,","throughout,","characters,","and,"
pointless,remain,road,utterly,loves,same,,more,that,up,,,"pointless,","remain,","road,","utterly,","loves,","same,"
touching,filmmakers,taken,remain,throughout,remain,,goes,its,superficial,,,"touching,","filmmakers,","taken,","remain,","throughout,","remain,"
emptiness,up,have,filmmakers,remains,to,,intelligence,about,merit,,,"emptiness,","up,","have,","filmmakers,","remains,","to,"
woven,could,getting,up,remain,filmmakers,,redundant,something,tragic,,,"woven,","could,","getting,","up,","remain,","filmmakers,"
cruel,superficial,know,worst,satisfied,could,,succeeds,human,too,,,"cruel,","superficial,","know,","worst,","satisfied,","could,"
historically,too,me,superficial,could,up,,casting,rather,far,,,"historically,","too,","me,","superficial,","could,","up,"
wisdom,merit,but,tragic,worst,worst,,actress,nature,emotional,,,"wisdom,","merit,","but,","tragic,","worst,","worst,"
fluid,patriot,been,too,far,superficial,,performances,beautiful,demonstrates,,,"fluid,","patriot,","been,","too,","far,","superficial,"
seal,director,because,patriot,treatment,treatment,,comes,characters,hollywood,,,"seal,","director,","because,","patriot,","treatment,","treatment,"
casts,an,like,emotional,merit,tragic,,enriched,loves,small,,,"casts,","an,","like,","emotional,","merit,","tragic,"
masterpiece,demonstrates,of,demonstrates,film,too,,cast,to,film,,,"masterpiece,","demonstrates,","of,","demonstrates,","film,","too,"
hopeless,of,re,film,still,s,,cinema,same,as,,,"hopeless,","of,","re,","film,","still,","s,"
clumsy,games,has,small,small,patriot,,viewing,throughout,director,,,"clumsy,","games,","has,","small,","small,","patriot,"
conviction,as,service,director,games,demonstrates,,plot,remains,out,,,"conviction,","as,","service,","director,","games,","demonstrates,"
realistic,suicidal,one,personal,director,film,,finish,remain,poetry,,,"realistic,","suicidal,","one,","personal,","director,","film,"
portrayal,depressed,with,with,turn,can,,interest,on,deeply,,,"portrayal,","depressed,","with,","with,","turn,","can,"
reveals,thought,advantage,out,personal,.,,sit,up,through,,,"reveals,","thought,","advantage,","out,","personal,",".,"
uneven,are,account,suicidal,hollywood,still,,storyline,could,thought,,,"uneven,","are,","account,","suicidal,","hollywood,","still,"
unpredictable,in,about,depressed,emotional,small,,crude,worst,lengths,,,"unpredictable,","in,","about,","depressed,","emotional,","small,"
epic,through,that,deeply,poetry,personal,,have,s,absurd,,,"epic,","through,","that,","deeply,","poetry,","personal,"
considerable,absurd,doing,most,thought,games,,shaggy,such,do,,,"considerable,","absurd,","doing,","most,","thought,","games,"
enables,do,being,absurd,films,director,,entire,too,for,,,"enables,","do,","being,","absurd,","films,","director,"
flashes,for,years,goes,deeply,with,,nowhere,far,like,,,"flashes,","for,","years,","goes,","deeply,","with,"
vicious,where,experience,t,goes,as,,course,treatment,part,,,"vicious,","where,","experience,","t,","goes,","as,"
jagged,how,do,happening,like,of,,already,merit,where,,,"jagged,","how,","do,","happening,","like,","of,"
slick,bad,feel,bad,used,out,,version,.,movie,,,"slick,","bad,","feel,","bad,","used,","out,"
essentially,greatest,i,story,make,a,,proves,a,bad,,,"essentially,","greatest,","i,","story,","make,","a,"
haunting,intelligence,going,lend,anymore,suicidal,,bringing,of,saw,,,"haunting,","intelligence,","going,","lend,","anymore,","suicidal,"
pale,redundant,too,dumb,movies,poetry,,performance,as,dignity,,,"pale,","redundant,","too,","dumb,","movies,","poetry,"
affecting,succeeds,morning,greatest,part,thought,,once,with,intelligence,,,"affecting,","succeeds,","morning,","greatest,","part,","thought,"
intelligent,casting,an,intelligence,happening,through,,again,an,his,,,"intelligent,","casting,","an,","intelligence,","happening,","through,"
backward,actress,get,his,saw,most,,has,out,redundant,,,"backward,","actress,","get,","his,","saw,","most,"
thrill,face,in,usual,bad,deeply,,vivid,can,succeeds,,,"thrill,","face,","in,","usual,","bad,","deeply,"
powerful,by,same,redundant,movie,films,,pointless,film,casting,,,"powerful,","by,","same,","redundant,","movie,","films,"
torture,ways,had,concept,story,`,,subtle,still,actress,,,"torture,","ways,","had,","concept,","story,","`,"
celebrates,feminist,it,succeeds,greatest,than,,touching,small,it,,,"celebrates,","feminist,","it,","succeeds,","greatest,","than,"
strongest,conspiracy,problem,casting,musicians,in,,veins,games,is,,,"strongest,","conspiracy,","problem,","casting,","musicians,","in,"
irrelevant,anything,so,face,cold,are,,emptiness,director,projects,,,"irrelevant,","anything,","so,","face,","cold,","are,"
canvas,black,summer,projects,intelligence,more,,exploration,turn,original,,,"canvas,","black,","summer,","projects,","intelligence,","more,"
smug,performances,seem,above,usual,absurd,,relentless,personal,ways,,,"smug,","performances,","seem,","above,","usual,","absurd,"
captures,brave,time,young,concept,goes,,thrilling,hollywood,conspiracy,,,"captures,","brave,","time,","young,","concept,","goes,"
offensive,enriched,put,original,face,lengths,,feel,emotional,feminist,,,"offensive,","enriched,","put,","original,","face,","lengths,"
tale,spirits,long,ways,young,t,,magnificent,poetry,anything,,,"tale,","spirits,","long,","ways,","young,","t,"
sitcom,or,a,feminist,whose,do,,together,`,smile,,,"sitcom,","or,","a,","feminist,","whose,","do,"
abuse,cinema,next,conspiracy,actress,make,,empathy,in,performances,,,"abuse,","cinema,","next,","conspiracy,","actress,","make,"
suffers,plot,them,theorist,projects,those,,eastwood,are,brave,,,"suffers,","plot,","them,","theorist,","projects,","those,"
drown,find,wait,smile,swimming,part,,earnest,more,spirits,,,"drown,","find,","wait,","smile,","swimming,","part,"
enduring,weaving,you,brave,casting,was,,skip,through,cast,,,"enduring,","weaving,","you,","brave,","casting,","was,"
acid,clone,else,performances,even,movie,,surprises,than,which,,,"acid,","clone,","else,","performances,","even,","movie,"
meaningful,funny,order,enriched,original,some,,few,most,or,,,"meaningful,","funny,","order,","enriched,","original,","some,"
juvenile,storyline,kitchen,spirits,ways,dignity,,power,thought,cinema,,,"juvenile,","storyline,","kitchen,","spirits,","ways,","dignity,"
portrait,real,main,cast,see,story,,significant,films,world,,,"portrait,","real,","main,","cast,","see,","story,"
compassion,crude,obvious,worse,black,greatest,,actors,deeply,plot,,,"compassion,","crude,","obvious,","worse,","black,","greatest,"
imitation,silly,food,world,named,musicians,,reaction,goes,start,,,"imitation,","silly,","food,","world,","named,","musicians,"
bleak,heroes,taking,cinema,anything,cold,,generate,t,cylinders,,,"bleak,","heroes,","taking,","cinema,","anything,","cold,"
convincing,oblivious,some,alternative,storm,intelligence,,first,for,weaving,,,"convincing,","oblivious,","some,","alternative,","storm,","intelligence,"
affection,existence,tables,viewing,dick,his,,so,they,funny,,,"affection,","existence,","tables,","viewing,","dick,","his,"
kills,sharply,initial,plot,dirty,usual,,robert,who,storyline,,,"kills,","sharply,","initial,","plot,","dirty,","usual,"
courage,point,miss,cylinders,camps,redundant,,intensity,like,crude,,,"courage,","point,","miss,","cylinders,","camps,","redundant,"
meditation,nowhere,hit,poorly,karen,actress,,flair,do,silly,,,"meditation,","nowhere,","hit,","poorly,","karen,","actress,"
universal,recycled,seems,find,conspiracy,succeeds,,animated,used,adults,,,"universal,","recycled,","seems,","find,","conspiracy,","succeeds,"
awkwardly,already,quality,year,smile,whose,,creation,make,real,,,"awkwardly,","already,","quality,","year,","smile,","whose,"
detached,been,n,sit,comes,above,,parody,those,marriage,,,"detached,","been,","n,","sit,","comes,","above,"
clever,fourth,than,weaving,performances,face,,intriguing,anymore,between,,,"clever,","fourth,","than,","weaving,","performances,","face,"
faithful,swords,when,funny,brave,young,,moments,movies,heroes,,,"faithful,","swords,","when,","funny,","brave,","young,"
exaggerated,proves,(,theme,cast,is,,standard,where,nowhere,,,"exaggerated,","proves,","(,","theme,","cast,","is,"
capable,off,something,another,mixed,by,,follow,part,recycled,,,"capable,","off,","something,","another,","mixed,","by,"
daring,has,stores,clone,spirits,original,,become,happening,been,,,"daring,","has,","stores,","clone,","spirits,","original,"
emerge,horrors,car,storyline,half,even,,wisdom,was,care,,,"emerge,","horrors,","car,","storyline,","half,","even,"
deadly,vivid,much,crude,worse,ways,,tear,this,come,,,"deadly,","vivid,","much,","crude,","worse,","ways,"
striking,splashed,kind,real,world,conspiracy,,images,how,feature,,,"striking,","splashed,","kind,","real,","world,","conspiracy,"
dramatically,any,clothes,issues,cinema,feminist,,eyes,saw,territory,,,"dramatically,","any,","clothes,","issues,","cinema,","feminist,"
longest,pointless,trip,heroes,good,theorist,,cinematic,bad,game,,,"longest,","pointless,","trip,","heroes,","good,","theorist,"
skill,beautifully,find,existence,alternative,named,,sporting,movie,proves,,,"skill,","beautifully,","find,","existence,","alternative,","named,"
fierce,situations,still,sharply,nothing,black,,going,some,off,,,"fierce,","situations,","still,","sharply,","nothing,","black,"
fallen,room,piano,nowhere,start,anything,,go,story,performance,,,"fallen,","room,","piano,","nowhere,","start,","anything,"
drain,touching,picture,point,finish,dirty,,direction,greatest,superb,,,"drain,","touching,","picture,","point,","finish,","dirty,"
remarkably,legend,looking,course,plot,your,,step,musicians,has,,,"remarkably,","legend,","looking,","course,","plot,","your,"
nausea,less,crowd,entire,action,smile,,storytelling,cold,horrors,,,"nausea,","less,","crowd,","entire,","action,","smile,"
brightly,veins,take,dog,little,comes,,landscape,his,vivid,,,"brightly,","veins,","take,","dog,","little,","comes,"
playful,rich,from,recycled,often,brave,,uses,intelligence,ever,,,"playful,","rich,","from,","recycled,","often,","brave,"
tremendous,apparent,while,count,find,enriched,,pleasures,usual,beauty,,,"tremendous,","apparent,","while,","count,","find,","enriched,"
acute,joy,hear,been,interest,spirits,,provide,concept,bloody,,,"acute,","joy,","hear,","been,","interest,","spirits,"
absorbing,ugly,your,care,acted,cast,,masterpiece,is,any,,,"absorbing,","ugly,","your,","care,","acted,","cast,"
qualities,video,musical,feature,poorly,mixed,,slight,it,us,,,"qualities,","video,","musical,","feature,","poorly,","mixed,"
gripping,emptiness,found,fourth,year,which,,called,by,pointless,,,"gripping,","emptiness,","found,","fourth,","year,","which,"
startling,relentless,bite,covers,sit,worse,,hopeless,all,beautifully,,,"startling,","relentless,","bite,","covers,","sit,","worse,"
fatal,exploration,more,territory,another,half,,clumsy,face,situations,,,"fatal,","exploration,","more,","territory,","another,","half,"
glossy,sour,mixed,version,best,or,,dialogue,young,touching,,,"glossy,","sour,","mixed,","version,","best,","or,"
rises,our,grab,million,theme,cinema,,bring,above,subtle,,,"rises,","our,","grab,","million,","theme,","cinema,"
achievement,pretty,eat,gorgeous,funny,world,,conviction,whose,less,,,"achievement,","pretty,","eat,","gorgeous,","funny,","world,"
graceful,these,spears,swords,think,alternative,,bourne,actress,sophisticated,,,"graceful,","these,","spears,","swords,","think,","alternative,"
frantic,mergers,play,performance,real,good,,charm,projects,rich,,,"frantic,","mergers,","play,","performance,","real,","good,"
amusing,woven,listen,proves,issues,viewing,,impressions,swimming,joy,,,"amusing,","woven,","listen,","proves,","issues,","viewing,"
stirring,aerial,?,touch,marriage,start,,effort,even,apparent,,,"stirring,","aerial,","?,","touch,","marriage,","start,"
builds,storylines,our,superb,liked,but,,taking,original,ugly,,,"builds,","storylines,","our,","superb,","liked,","but,"
flourish,experience,hour,horrors,adults,finish,,examination,ways,video,,,"flourish,","experience,","hour,","horrors,","adults,","finish,"
touched,cruel,maximum,vivid,tucked,plot,,engaging,if,digital,,,"touched,","cruel,","maximum,","vivid,","tucked,","plot,"
problematic,women,at,beauty,storyline,cylinders,,lively,see,emptiness,,,"problematic,","women,","at,","beauty,","storyline,","cylinders,"
drains,deception,populated,any,silly,little,,effective,black,exploration,,,"drains,","deception,","populated,","any,","silly,","little,"
magnetic,eastwood,note,pointless,heroes,find,,look,named,ending,,,"magnetic,","eastwood,","note,","pointless,","heroes,","find,"
monstrous,earnest,anyone,beautifully,existence,acted,,suspense,anything,thrilling,,,"monstrous,","earnest,","anyone,","beautifully,","existence,","acted,"
breathe,pays,ask,situations,sharply,often,,realistic,storm,pretty,,,"breathe,","pays,","ask,","situations,","sharply,","often,"
asleep,homage,if,room,every,interest,,grab,dick,damned,,,"asleep,","homage,","if,","room,","every,","interest,"
borrowed,laughs,idea,touching,point,will,,stunts,dirty,mergers,,,"borrowed,","laughs,","idea,","touching,","point,","will,"
creates,few,making,subtle,course,year,,reveals,your,recording,,,"creates,","few,","making,","subtle,","course,","year,"
expresses,endure,needed,starts,entire,weaving,,talents,smile,climate,,,"expresses,","endure,","needed,","starts,","entire,","weaving,"
inactive,help,around,less,sense,clone,,filmmaking,comes,magnificent,,,"inactive,","help,","around,","less,","sense,","clone,"
establishes,power,night,sophisticated,dog,best,,easily,performances,cruel,,,"establishes,","power,","night,","sophisticated,","dog,","best,"
feast,generates,busy,veins,classic,funny,,auschwitz,cast,empathy,,,"feast,","generates,","busy,","veins,","classic,","funny,"
lavish,highs,first,rich,nowhere,another,,theatrical,mixed,ideas,,,"lavish,","highs,","first,","rich,","nowhere,","another,"
reduces,without,actually,joy,sometimes,storyline,,faith,:,history,,,"reduces,","without,","actually,","joy,","sometimes,","storyline,"
sympathetic,historically,b,shot,dry,real,,adaptation,which,eastwood,,,"sympathetic,","historically,","b,","shot,","dry,","real,"
clarity,significant,see,ugly,come,between,,noir,or,earnest,,,"clarity,","significant,","see,","ugly,","come,","between,"
chuckle,tribute,wedding,exploration,times,have,,derivative,half,homage,,,"chuckle,","tribute,","wedding,","exploration,","times,","have,"
commanding,actors,side,emptiness,already,silly,,sequel,worse,pays,,,"commanding,","actors,","side,","emptiness,","already,","silly,"
fabricated,generate,only,relentless,care,i,,disney,world,laughs,,,"fabricated,","generate,","only,","relentless,","care,","i,"
uneasy,comedy,fine,core,count,crude,,ambitions,cinema,horror,,,"uneasy,","comedy,","fine,","core,","count,","crude,"
precisely,heat,opened,thrilling,fourth,think,,problem,very,power,,,"precisely,","heat,","opened,","thrilling,","fourth,","think,"
stalls,robert,tickets,hold,feature,heroes,,compelling,good,endure,,,"stalls,","robert,","tickets,","hold,","feature,","heroes,"
jerking,extremes,give,ford,territory,existence,,runs,alternative,generates,,,"jerking,","extremes,","give,","ford,","territory,","existence,"
harmless,continuum,heck,damned,covers,sharply,,genre,but,much,,,"harmless,","continuum,","heck,","damned,","covers,","sharply,"
adequately,manages,down,mergers,suggesting,course,,romance,nothing,fun,,,"adequately,","manages,","down,","mergers,","suggesting,","course,"
eerie,intensity,used,climate,game,classic,,wildly,start,historically,,,"eerie,","intensity,","used,","climate,","game,","classic,"
insulting,family,groups,recording,million,dog,,uneven,finish,significant,,,"insulting,","family,","groups,","recording,","million,","dog,"
racist,flair,cheaper,current,version,point,,want,plot,tribute,,,"racist,","flair,","cheaper,","current,","version,","point,"
confident,keep,3d,storylines,40,entire,,depth,action,actors,,,"confident,","keep,","3d,","storylines,","40,","entire,"
hollow,animated,into,woven,gorgeous,dry,,hit,will,spark,,,"hollow,","animated,","into,","woven,","gorgeous,","dry,"
sensation,alternating,once,experience,cross,times,,narrative,little,enough,,,"sensation,","alternating,","once,","experience,","cross,","times,"
sincerity,parody,since,together,lost,having,,amounts,often,when,,,"sincerity,","parody,","since,","together,","lost,","having,"
sensual,android,decent,empathy,performance,recycled,,spectacle,find,ca,,,"sensual,","android,","decent,","empathy,","performance,","recycled,"
cerebral,intriguing,stock,cruel,touch,count,,fans,interest,robert,,,"cerebral,","intriguing,","stock,","cruel,","touch,","count,"
glued,comic,any,deception,bringing,care,,dramas,acted,intensity,,,"glued,","comic,","any,","deception,","bringing,","care,"
reflective,pulp,noble,sounds,us,territory,,satisfying,year,extremes,,,"reflective,","pulp,","noble,","sounds,","us,","territory,"
snaps,difference,somehow,lack,ever,covers,,translation,sit,manages,,,"snaps,","difference,","somehow,","lack,","ever,","covers,"
viewed,artworks,/,carried,given,game,,considerable,another,flair,,,"viewed,","artworks,","/,","carried,","given,","game,"
credible,does,exact,seem,beauty,version,,largely,best,terrific,,,"credible,","does,","exact,","seem,","beauty,","version,"
combines,commonplace,packed,history,bloody,million,,flat,theme,entertainment,,,"combines,","commonplace,","packed,","history,","bloody,","million,"
corpse,explore,half,eastwood,many,gorgeous,,thing,funny,animated,,,"corpse,","explore,","half,","eastwood,","many,","gorgeous,"
wins,criminal,ve,earnest,situations,swords,,flashes,i,anyone,,,"wins,","criminal,","ve,","earnest,","situations,","swords,"
lifts,directed,peak,homage,poor,them,,script,have,creation,,,"lifts,","directed,","peak,","homage,","poor,","them,"
shorter,washington,south,few,ben,proves,,sensitive,what,parody,,,"shorter,","washington,","south,","few,","ben,","proves,"
refuses,certainly,want,laughs,driving,performance,,potentially,between,intriguing,,,"refuses,","certainly,","want,","laughs,","driving,","performance,"
elaborate,long,inside,power,directions,off,,expect,think,comic,,,"elaborate,","long,","inside,","power,","directions,","off,"
bravery,images,where,endure,room,he,,resume,real,moments,,,"bravery,","images,","where,","endure,","room,","he,"
spontaneous,eyes,popularity,help,touching,lost,,credits,issues,does,,,"spontaneous,","eyes,","popularity,","help,","touching,","lost,"
quietly,tear,chicken,horror,starts,bringing,,pacing,marriage,follow,,,"quietly,","tear,","chicken,","horror,","starts,","bringing,"
portrays,cinematic,river,generates,legend,touch,,yes,liked,wisdom,,,"portrays,","cinematic,","river,","generates,","legend,","touch,"
profound,addition,practice,life,less,once,,affair,adults,clear,,,"profound,","addition,","practice,","life,","less,","once,"
dubious,titles,knew,historically,rich,has,,feels,heroes,washington,,,"dubious,","titles,","knew,","historically,","rich,","has,"
hampered,generally,meal,significant,stuff,again,,things,existence,directed,,,"hampered,","generally,","meal,","significant,","stuff,","again,"
niche,down,bore,TRUE,veins,superb,,before,every,respectable,,,"niche,","down,","bore,","TRUE,","veins,","superb,"
slack,mystery,asian,tribute,joy,horrors,,predictable,point,showcase,,,"slack,","mystery,","asian,","tribute,","joy,","horrors,"
vital,3000,us,first,apparent,vivid,,brilliant,course,long,,,"vital,","3000,","us,","first,","apparent,","vivid,"
sweetly,own,stars,two,video,any,,change,entire,images,,,"sweetly,","own,","stars,","two,","video,","any,"
infectious,em,thought,enough,shot,us,,length,sense,cinematic,,,"infectious,","em,","thought,","enough,","shot,","us,"
conspicuous,other,rice,throw,digital,beauty,,respect,dog,down,,,"conspicuous,","other,","rice,","throw,","digital,","beauty,"
thud,concert,by,spark,ugly,bloody,,emotions,classic,science,,,"thud,","concert,","by,","spark,","ugly,","bloody,"
represents,authority,look,robert,core,many,,title,nowhere,go,,,"represents,","authority,","look,","robert,","core,","many,"
exploitation,fluid,few,extremes,ending,beautifully,,structured,sometimes,mystery,,,"exploitation,","fluid,","few,","extremes,","ending,","beautifully,"
triumph,had,table,continuum,exploration,poor,,adventurous,dry,concert,,,"triumph,","had,","table,","continuum,","exploration,","poor,"
spends,storytelling,desire,intensity,though,him,,produced,d,cam,,,"spends,","storytelling,","desire,","intensity,","though,","him,"
breakthrough,casts,yet,manages,hold,driving,,jerry,been,authority,,,"breakthrough,","casts,","yet,","manages,","hold,","driving,"
unmistakable,uses,out,flair,ford,subtle,,blair,come,fluid,,,"unmistakable,","uses,","out,","flair,","ford,","subtle,"
capture,pleasures,eye,terrific,pretty,touching,,offering,times,would,,,"capture,","pleasures,","eye,","terrific,","pretty,","touching,"
penetrating,masterpiece,cause,family,damned,be,,somehow,having,further,,,"penetrating,","masterpiece,","cause,","family,","damned,","be,"
fascination,called,amount,entertainment,never,legend,,irritating,already,storytelling,,,"fascination,","called,","amount,","entertainment,","never,","legend,"
economical,lot,dragon,animated,feel,starts,,exercise,care,attractive,,,"economical,","lot,","dragon,","animated,","feel,","starts,"
costly,back,hole,believe,one,sophisticated,,borders,count,talented,,,"costly,","back,","hole,","believe,","one,","sophisticated,"
tuned,forgotten,end,anyone,current,veins,,fascinating,fourth,uses,,,"tuned,","forgotten,","end,","anyone,","current,","veins,"
displays,laugh,think,central,industry,rich,,martial,feature,pleasures,,,"displays,","laugh,","think,","central,","industry,","rich,"
padded,car,simply,parody,recording,joy,,filmed,territory,provide,,,"padded,","car,","simply,","parody,","recording,","joy,"
propaganda,get,would,intriguing,climate,shot,,rhythms,covers,masterpiece,,,"propaganda,","get,","would,","intriguing,","climate,","shot,"
directorial,hopeless,carry,android,corporate,ugly,,slick,$20,kind,,,"directorial,","hopeless,","carry,","android,","corporate,","ugly,"
repeated,charming,club,pulp,circus,digital,,actresses,game,forgotten,,,"repeated,","charming,","club,","pulp,","circus,","digital,"
misery,dialogue,photo,comic,together,exploration,,take,million,twice,,,"misery,","dialogue,","photo,","comic,","together,","exploration,"
willingness,clumsy,done,difference,experience,relentless,,lau,version,car,,,"willingness,","clumsy,","done,","difference,","experience,","relentless,"
pity,sentiment,m,alternating,overall,emptiness,,grant,40,laugh,,,"pity,","sentiment,","m,","alternating,","overall,","emptiness,"
wears,tissues,right,questions,shots,at,,hugh,them,charming,,,"wears,","tissues,","right,","questions,","shots,","at,"
assurance,betrayed,moved,moments,aerial,ending,,stay,cross,pure,,,"assurance,","betrayed,","moved,","moments,","aerial,","ending,"
impact,surprisingly,fact,artworks,men,just,,insight,he,their,,,"impact,","surprisingly,","fact,","artworks,","men,","just,"
sly,makeup,how,stale,women,though,,urban,has,answers,,,"sly,","makeup,","how,","stale,","women,","though,"
emerges,bourne,type,yet,total,hold,,celebration,off,dialogue,,,"emerges,","bourne,","type,","yet,","total,","hold,"
static,conviction,describe,wisdom,carried,feel,,bridge,again,clumsy,,,"static,","conviction,","describe,","wisdom,","carried,","feel,"
photographed,brings,kids,washington,lack,never,,warm,once,sentiment,,,"photographed,","brings,","kids,","washington,","lack,","never,"
arbitrary,proper,family,respectable,sounds,one,,energy,lost,surprisingly,,,"arbitrary,","proper,","family,","respectable,","sounds,","one,"
riot,role,different,showcase,ideas,mergers,,water,performance,conviction,,,"riot,","role,","different,","showcase,","ideas,","mergers,"
loosely,diplomacy,hundred,eyes,seem,recording,,metaphor,touch,role,,,"loosely,","diplomacy,","hundred,","eyes,","seem,","recording,"
honesty,generosity,ice,images,fresh,current,,resonance,bringing,jason,,,"honesty,","generosity,","ice,","images,","fresh,","current,"
dreadful,impressions,4,read,history,climate,,viewers,us,generosity,,,"dreadful,","impressions,","4,","read,","history,","climate,"
elephant,artist,lights,tear,weak,industry,,format,any,share,,,"elephant,","artist,","lights,","tear,","weak,","industry,"
approaches,engaging,got,hate,people,storylines,,drama,ever,loss,,,"approaches,","engaging,","got,","hate,","people,","storylines,"
straining,similar,:,cinematic,power,woven,,debut,given,effort,,,"straining,","similar,",":,","cinematic,","power,","woven,"
translate,collapse,milk,recent,help,experience,,haunting,beauty,artist,,,"translate,","collapse,","milk,","recent,","help,","experience,"
lowered,flaws,street,addition,almost,magnificent,,observation,bloody,lively,,,"lowered,","flaws,","street,","addition,","almost,","magnificent,"
disgust,poses,ahead,generally,horror,shots,,swim,many,engaging,,,"disgust,","poses,","ahead,","generally,","horror,","shots,"
slip,tool,corners,mystery,absolute,cruel,,beings,him,examination,,,"slip,","tool,","corners,","mystery,","absolute,","cruel,"
stylized,excuse,somewhat,put,life,deception,,becomes,poor,forgive,,,"stylized,","excuse,","somewhat,","put,","life,","deception,"
fires,effective,flavor,3000,much,carried,,merely,ben,flaws,,,"fires,","effective,","flavor,","3000,","much,","carried,"
utilizing,community,cutting,em,without,empathy,,scenes,driving,scene,,,"utilizing,","community,","cutting,","em,","without,","empathy,"
pollution,tradition,lower,late,fun,men,,affecting,directions,effective,,,"pollution,","tradition,","lower,","late,","fun,","men,"
achieving,conquer,already,go,based,women,,successful,be,community,,,"achieving,","conquer,","already,","go,","based,","women,"
profile,set,buy,work,TRUE,total,,levels,room,tradition,,,"profile,","set,","buy,","work,","TRUE,","total,"
intensely,phones,need,fluid,significant,marginal,,intelligent,touching,delivers,,,"intensely,","phones,","need,","fluid,","significant,","marginal,"
loser,delivers,help,direction,historically,fresh,,moving,starts,promises,,,"loser,","delivers,","help,","direction,","historically,","fresh,"
gently,roll,seen,deal,tribute,history,,sequels,legend,roll,,,"gently,","roll,","seen,","deal,","tribute,","history,"
stretched,suspense,thing,ron,first,earnest,,detailing,less,suspense,,,"stretched,","suspense,","thing,","ron,","first,","earnest,"
honorable,consistent,say,storytelling,two,pays,,m,rich,lacking,,,"honorable,","consistent,","say,","storytelling,","two,","pays,"
symbolic,lacking,probably,piece,enough,homage,,grade,stuff,realistic,,,"symbolic,","lacking,","probably,","piece,","enough,","homage,"
freedom,portrayal,card,casts,heat,weak,,trash,joy,portrayal,,,"freedom,","portrayal,","card,","casts,","heat,","weak,"
weary,realistic,competition,landscape,appear,skip,,sustain,apparent,tries,,,"weary,","realistic,","competition,","landscape,","appear,","skip,"
whale,trying,gift,attractive,comedy,few,,end,video,trying,,,"whale,","trying,","gift,","attractive,","comedy,","few,"
prejudice,tries,light,takes,reaction,surprises,,ambitious,shot,reveals,,,"prejudice,","tries,","light,","takes,","reaction,","surprises,"
lifeless,stunts,bright,pleasures,throw,people,,filmmaker,digital,talents,,,"lifeless,","stunts,","bright,","pleasures,","throw,","people,"
compatible,reveals,head,masterpiece,actors,endure,,weaknesses,;,important,,,"compatible,","reveals,","head,","masterpiece,","actors,","endure,"
embraced,talents,early,time,ca,generates,,carmen,at,relief,,,"embraced,","talents,","early,","time,","ca,","generates,"
denial,important,cut,lot,generate,life,,ode,core,filmmaking,,,"denial,","important,","cut,","lot,","generate,","life,"
banged,service,college,hopeless,robert,fun,,luminous,ending,promise,,,"banged,","service,","college,","hopeless,","robert,","fun,"
capturing,da,part,charming,family,historically,,failing,not,view,,,"capturing,","da,","part,","charming,","family,","historically,"
collectively,relief,day,college,keep,TRUE,,opera,just,easily,,,"collectively,","relief,","day,","college,","keep,","TRUE,"
prolonged,filmmaking,school,pure,intensity,appear,,soap,our,theatrical,,,"prolonged,","filmmaking,","school,","pure,","intensity,","appear,"
rejected,promise,desperately,match,manages,spark,,failure,though,death,,,"rejected,","promise,","desperately,","match,","manages,","spark,"
flatly,view,american,creations,entertainment,first,,powerful,hold,extraordinary,,,"flatly,","view,","american,","creations,","entertainment,","first,"
phenomenon,wait,friends,dialogue,animated,two,,cinematography,ford,faith,,,"phenomenon,","wait,","friends,","dialogue,","animated,","two,"
emphasizes,auschwitz,typical,sentiment,central,throw,,reason,pretty,champion,,,"emphasizes,","auschwitz,","typical,","sentiment,","central,","throw,"
scarcely,simulation,1998,clumsy,written,actors,,chateau,we,heart,,,"scarcely,","simulation,","1998,","clumsy,","written,","actors,"
expressive,theatrical,might,unfortunately,believe,reaction,,distance,these,adaptation,,,"expressive,","theatrical,","might,","unfortunately,","believe,","reaction,"
successfully,camp,generally,tissues,anyone,so,,wrapped,never,noir,,,"successfully,","camp,","generally,","tissues,","anyone,","so,"
bitten,extraordinary,friend,bring,creation,extremes,,channel,feel,works,,,"bitten,","extraordinary,","friend,","bring,","creation,","extremes,"
transformed,heart,reason,betrayed,around,continuum,,violence,one,makes,,,"transformed,","heart,","reason,","betrayed,","around,","continuum,"
downward,champion,her,conviction,questions,manages,,use,current,keeping,,,"downward,","champion,","her,","conviction,","questions,","manages,"
evolve,adaptation,cell,bourne,difference,intensity,,lesser,industry,derivative,,,"evolve,","adaptation,","cell,","bourne,","difference,","intensity,"
dies,interesting,dogs,jason,comic,flair,,thriller,recording,sequel,,,"dies,","interesting,","dogs,","jason,","comic,","flair,"
examines,descends,possible,role,moments,terrific,,manner,climate,disney,,,"examines,","descends,","possible,","role,","moments,","terrific,"
heroic,works,most,brings,become,family,,miss,corporate,despite,,,"heroic,","works,","most,","brings,","become,","family,"
foolish,keeping,sleep,diplomacy,standard,entertainment,,potent,together,fights,,,"foolish,","keeping,","sleep,","diplomacy,","standard,","entertainment,"
formed,derivative,humane,charm,follow,animated,,excitement,experience,problem,,,"formed,","derivative,","humane,","charm,","follow,","animated,"
offended,sequel,afford,generosity,criminal,anyone,,insult,overall,compelling,,,"offended,","sequel,","afford,","generosity,","criminal,","anyone,"
fused,archives,pain,years,explore,you,,problems,shots,picture,,,"fused,","archives,","pain,","years,","explore,","you,"
reaches,despite,could,share,yet,written,,fat,men,minutes,,,"reaches,","despite,","could,","share,","yet,","written,"
effectively,argues,sign,effort,sudden,central,,document,women,romance,,,"effectively,","argues,","sign,","effort,","sudden,","central,"
precise,ambitions,decided,engaging,wisdom,alternating,,imagination,total,procession,,,"precise,","ambitions,","decided,","engaging,","wisdom,","alternating,"
playfully,problem,another,collapse,career,parody,,turns,carried,sweeping,,,"playfully,","problem,","another,","collapse,","career,","parody,"
bolt,compelling,someone,forgive,directed,pulp,,2002,lack,remarkable,,,"bolt,","compelling,","someone,","forgive,","directed,","pulp,"
screams,mere,procedure,flaws,washington,questions,,complete,sounds,genre,,,"screams,","mere,","procedure,","flaws,","washington,","questions,"
knockout,84,read,tool,clear,difference,,politics,ideas,pictures,,,"knockout,","84,","read,","tool,","clear,","difference,"
rooted,procession,may,serves,ahead,moments,,captures,seem,involved,,,"rooted,","procession,","may,","serves,","ahead,","moments,"
strains,remarkable,working,learning,certainly,artworks,,combining,fresh,shows,,,"strains,","remarkable,","working,","learning,","certainly,","artworks,"
fiercely,date,times,effective,memory,become,,sexuality,history,acting,,,"fiercely,","date,","times,","effective,","memory,","become,"
wreckage,short,young,community,long,explore,,offensive,weak,wildly,,,"wreckage,","short,","young,","community,","long,","explore,"
ordeal,pleasant,work,importance,eyes,standard,,engage,few,uneven,,,"ordeal,","pleasant,","work,","importance,","eyes,","standard,"
plateau,slightest,thinking,conquer,away,stale,,emotionally,people,music,,,"plateau,","slightest,","thinking,","conquer,","away,","stale,"
discarded,wildly,happen,business,read,!,,prove,power,90,,,"discarded,","wildly,","happen,","business,","read,","!,"
humming,videos,conversation,delivers,images,sudden,,revealing,help,videos,,,"humming,","videos,","conversation,","delivers,","images,","sudden,"
commands,music,near,plans,hate,wisdom,,done,almost,depth,,,"commands,","music,","near,","plans,","hate,","wisdom,"
prominent,color,party,cell,tear,ahead,,gets,horror,being,,,"prominent,","color,","party,","cell,","tear,","ahead,"
yields,preliminary,others,roll,addition,memory,,chilling,absolute,narrative,,,"yields,","preliminary,","others,","roll,","addition,","memory,"
stakes,style,sports,suspense,recent,showcase,,fewer,life,amounts,,,"stakes,","style,","sports,","suspense,","recent,","showcase,"
muted,narrative,praises,surprise,titles,tear,,deep,much,style,,,"muted,","narrative,","praises,","surprise,","titles,","tear,"
naive,difficult,drive,lacking,sporting,long,,submarine,without,frustrating,,,"naive,","difficult,","drive,","lacking,","sporting,","long,"
worm,unpredictable,stop,portrayal,generally,eyes,,supernatural,fun,difficult,,,"worm,","unpredictable,","stop,","portrayal,","generally,","eyes,"
vacant,running,his,realistic,quite,images,,grand,based,unpredictable,,,"vacant,","running,","his,","realistic,","quite,","images,"
grenade,spectacle,enough,grab,go,hate,,found,TRUE,running,,,"grenade,","spectacle,","enough,","grab,","go,","hate,"
transforms,conclusions,little,trying,going,cinematic,,idiots,significant,spectacle,,,"transforms,","conclusions,","little,","trying,","going,","cinematic,"
liability,dramas,bit,lump,show,addition,,holes,historically,ultimate,,,"liability,","dramas,","bit,","lump,","show,","addition,"
slapping,reach,those,stunts,late,recent,,pilot,tribute,ii,,,"slapping,","reach,","those,","stunts,","late,","recent,"
motionless,satisfying,year,reveals,put,titles,,blend,first,epic,,,"motionless,","satisfying,","year,","reveals,","put,","titles,"
numb,ponder,totally,talents,science,going,,screenplay,when,ask,,,"numb,","ponder,","totally,","talents,","science,","going,"
overview,forces,white,others,theatre,em,,bored,two,satisfying,,,"overview,","forces,","white,","others,","theatre,","em,"
vain,speak,otherwise,relief,build,mystery,,wish,enough,reach,,,"vain,","speak,","otherwise,","relief,","build,","mystery,"
satisfactory,enables,sweet,welcome,website,other,,tale,heat,character,,,"satisfactory,","enables,","sweet,","welcome,","website,","other,"
scoring,considerable,item,filmmaking,theater,late,,thoughtful,appear,translation,,,"scoring,","considerable,","item,","filmmaking,","theater,","late,"
explosive,large,meat,promise,mystery,down,,drugs,comedy,ponder,,,"explosive,","large,","meat,","promise,","mystery,","down,"
disastrous,flat,less,wait,em,go,,sitcom,reaction,forces,,,"disastrous,","flat,","less,","wait,","em,","go,"
stripped,bold,store,auschwitz,work,concert,,playing,throw,considerable,,,"stripped,","bold,","store,","auschwitz,","work,","concert,"
attracting,effects,giant,theatrical,concert,work,,suffers,actors,flat,,,"attracting,","effects,","giant,","theatrical,","concert,","work,"
effectiveness,whole,remember,simulation,deal,fluid,,strong,ca,scattered,,,"effectiveness,","whole,","remember,","simulation,","deal,","fluid,"
counts,flashes,remarkable,death,direction,ron,,touches,so,bold,,,"counts,","flashes,","remarkable,","death,","direction,","ron,"
ineffective,sibling,interior,faith,authority,direction,,rodriguez,robert,standards,,,"ineffective,","sibling,","interior,","faith,","authority,","direction,"
error,reconciliation,together,extraordinary,harris,cam,,roger,family,effects,,,"error,","reconciliation,","together,","extraordinary,","harris,","cam,"
deficit,warmth,sisters,champion,ron,further,,wry,keep,actually,,,"deficit,","warmth,","sisters,","champion,","ron,","further,"
arrogant,avoids,close,heart,seal,would,,reality,entertainment,whole,,,"arrogant,","avoids,","close,","heart,","seal,","would,"
beaches,script,served,adaptation,fluid,had,,plotted,animated,flashes,,,"beaches,","script,","served,","adaptation,","fluid,","had,"
destructive,credits,bloody,descends,would,storytelling,,talent,you,warmth,,,"destructive,","credits,","bloody,","descends,","would,","storytelling,"
contributions,bar,group,noir,gone,piece,,living,central,humor,,,"contributions,","bar,","group,","noir,","gone,","piece,"
flopped,enjoy,destination,tight,step,casts,,depths,written,script,,,"flopped,","enjoy,","destination,","tight,","step,","casts,"
weighs,predecessors,reminded,works,piece,landscape,,complexity,believe,avoids,,,"weighs,","predecessors,","reminded,","works,","piece,","landscape,"
shaking,visions,slightly,into,harsh,watch,,dramatic,anyone,sensitive,,,"shaking,","visions,","slightly,","into,","harsh,","watch,"
respects,beyond,feels,derivative,shirt,talented,,among,creation,ride,,,"respects,","beyond,","feels,","derivative,","shirt,","talented,"
ensures,pacing,throughout,sequel,takes,takes,,predecessor,around,enjoy,,,"ensures,","pacing,","throughout,","sequel,","takes,","takes,"
,affair,change,archives,watch,uses,,sets,questions,add,,,,,,,,
,before,itself,disney,create,pleasures,,sentence,difference,pacing,,,,,,,,
,things,heart,despite,uses,kind,,comedies,comic,entirely,,,,,,,,
,breathless,make,fights,landscape,masterpiece,,subjects,moments,feels,,,,,,,,
,significantly,whose,ambitions,attractive,car,,acid,become,things,,,,,,,,
,tides,childhood,whether,provide,forgotten,,teen,does,predictable,,,,,,,,
,predictable,using,compelling,called,lot,,flick,standard,brilliant,,,,,,,,
,entertaining,animals,runs,kind,twice,,oddly,follow,entertaining,,,,,,,,
,brilliant,manner,minutes,slight,maybe,,asks,criminal,technically,,,,,,,,
,subordinate,although,picture,time,hopeless,,meaningful,yet,positive,,,,,,,,
,here,clinic,procession,back,charming,,beneath,!,here,,,,,,,,
,vicious,previously,sweeping,get,giving,,assembled,sudden,tone,,,,,,,,
,goofy,portuguese,remarkable,car,college,,laughter,career,goofy,,,,,,,,
,quivering,excited,pictures,maybe,try,,closely,directed,length,,,,,,,,
,kinetic,live,genre,lot,old,,need,washington,respect,,,,,,,,
,may,born,romance,completely,pure,,invention,clear,emotions,,,,,,,,
,inside,heard,date,twice,match,,drag,ahead,straightforward,,,,,,,,
,term,living,pleasant,laugh,answers,,juvenile,certainly,thin,,,,,,,,
,emotions,special,slightest,parking,sentiment,,directing,memory,title,,,,,,,,
,confessions,previous,dash,forgotten,dialogue,,attention,long,delightful,,,,,,,,
,straightforward,yourself,involved,old,clumsy,,literary,eyes,spare,,,,,,,,
,title,search,wildly,college,unfortunately,,dull,away,structured,,,,,,,,
,thin,certainly,uneven,match,love,,witty,read,different,,,,,,,,
,wildlife,roll,music,try,betrayed,,brutal,images,crossover,,,,,,,,
,structured,couple,color,giving,surprisingly,,portrait,hate,indian,,,,,,,,
,traditionally,invited,depth,pure,conviction,,root,tear,adventurous,,,,,,,,
,crossover,entire,over,answers,bourne,,fails,addition,markets,,,,,,,,
,adventurous,interaction,re,dialogue,brings,,bard,recent,idea,,,,,,,,
,markets,starting,preliminary,love,generosity,,winning,titles,admission,,,,,,,,
,worth,basic,narrative,unfortunately,diplomacy,,bottom,sporting,worth,,,,,,,,
,admission,rate,difficult,lovely,woman,,showcases,generally,shallow,,,,,,,,
,schumacher,process,frustrating,bring,years,,davies,quite,joel,,,,,,,,
,shallow,searching,trouble,budget,share,,puts,other,schumacher,,,,,,,,
,joel,jacket,amounts,makeup,loss,,tension,down,produced,,,,,,,,
,targeted,ii,unpredictable,role,taking,,bleak,go,reflects,,,,,,,,
,carnage,2001,ultimate,jason,art,,results,going,footage,,,,,,,,
,blair,gear,spectacle,proper,engaging,,extended,own,blair,,,,,,,,
,handheld,towards,epic,brings,examination,,convincing,show,fiddle,,,,,,,,
,footage,lean,ii,great,collapse,,viewer,late,nomination,,,,,,,,
,fiddle,blue,hardly,woman,forgive,,morton,put,oscar,,,,,,,,
,folly,seat,fans,years,itself,,deserves,science,irritating,,,,,,,,
,nomination,despite,conclusions,art,tool,,affection,theatre,exercise,,,,,,,,
,offering,managed,dramas,taking,scene,,documentary,build,halfway,,,,,,,,
,oscar,potato,translation,artist,big,,kills,website,borders,,,,,,,,
,esther,life,ponder,loss,stick,,satire,theater,distraction,,,,,,,,
,exercise,cheap,forces,share,community,,courage,mystery,fascinating,,,,,,,,
,halfway,seizures,enables,effort,set,,admire,em,filmed,,,,,,,,
,grips,music,considerable,similar,delivers,,intellectual,work,martial,,,,,,,,
,fascinating,show,scattered,examination,wild,,test,concert,camera,,,,,,,,
,martial,finish,fashion,collapse,phones,,meditation,deal,arts,,,,,,,,
,jagged,care,bold,challenges,supposed,,madness,direction,rhythms,,,,,,,,
,arts,recent,standards,forgive,watching,,freddy,authority,credibility,,,,,,,,
,rhythms,boot,effects,learning,roll,,moody,harris,actresses,,,,,,,,
,stream,ride,backseat,serves,rock,,stereotypes,ron,take,,,,,,,,
,manufactured,watch,dot,tool,suspense,,bore,seal,valuable,,,,,,,,
,slick,fish,mess,way,lacking,,involving,had,guys,,,,,,,,
,credibility,title,flashes,play,surprise,,sequence,would,desperately,,,,,,,,
,actresses,team,reconciliation,big,realistic,,designed,further,essentially,,,,,,,,
,nicely,fans,sibling,scene,portrayal,,ticket,gone,grant,,,,,,,,
,quentin,current,warmth,excuse,grab,,dvd,step,hugh,,,,,,,,
,desperately,shot,gentle,effective,squeeze,,smart,piece,line,,,,,,,,
,hugh,opening,avoids,stick,lump,,comedic,shirt,insight,,,,,,,,
,grant,second,sensitive,community,tries,,deals,takes,genuine,,,,,,,,
,insight,start,script,tradition,trying,,ensemble,watch,hours,,,,,,,,
,hours,before,working,importance,stunts,,painful,create,tones,,,,,,,,
,blue,twice,ride,set,reveals,,allows,uses,blue,,,,,,,,
,brown,writing,predecessors,look,important,,ourselves,landscape,includes,,,,,,,,
,crime,heights,dark,business,talents,,reacting,provide,crime,,,,,,,,
,includes,shapes,add,plans,service,,colorful,called,steven,,,,,,,,
,steven,adventurous,pacing,cell,special,,parade,kind,fighting,,,,,,,,
,celebration,equal,yes,wild,filmmaking,,marvel,slight,heal,,,,,,,,
,metaphor,number,entirely,online,promise,,pulls,(,under,,,,,,,,
,wanting,middle,exposure,watching,wait,,fantasy,),metaphor,,,,,,,,
,retains,arms,affair,supposed,auschwitz,,ironically,after,retains,,,,,,,,
,resonance,legs,breathless,absolutely,theatrical,,result,time,resonance,,,,,,,,
,viewers,short,tides,ridiculous,death,,emerging,back,viewers,,,,,,,,
,format,front,predictable,rock,justify,,audiences,get,format,,,,,,,,
,handsome,call,brilliant,roll,extraordinary,,buy,car,drama,,,,,,,,
,drama,boy,entertaining,surprise,faith,,nerve,maybe,her,,,,,,,,
,either,chance,subordinate,consistent,champion,,strike,lot,haunting,,,,,,,,
,haunting,standard,technically,trying,heart,,moonlight,completely,debut,,,,,,,,
,debut,cheese,tone,tries,adaptation,,execution,twice,mainly,,,,,,,,
,behind,square,positive,harder,descends,,pianist,laugh,girls,,,,,,,,
,fine,pace,seems,grab,noir,,premise,parking,beings,,,,,,,,
,passages,comes,dim,service,should,,chase,forgotten,gifted,,,,,,,,
,fore,ca,acts,others,tight,,martha,their,contribution,,,,,,,,
,beings,growing,quivering,special,sea,,rapid,old,fore,,,,,,,,
,gifted,forget,kinetic,important,keeping,,virtually,college,players,,,,,,,,
,contribution,positive,kid,reveals,works,,clever,match,school,,,,,,,,
,prom,minute,may,da,derivative,,deeper,try,high,,,,,,,,
,receives,hanging,term,relief,outrageous,,rug,giving,becomes,,,,,,,,
,undead,section,emotions,welcome,sequel,,intense,pure,demands,,,,,,,,
,momentum,aisles,honest,promise,disney,,getting,answers,undead,,,,,,,,
,characteristic,*,lame,per,archives,,faithful,love,culture,,,,,,,,
,pale,dog,confessions,view,final,,tunes,unfortunately,scenes,,,,,,,,
,juliette,four,bio,pay,suck,,innocence,bring,momentum,,,,,,,,
,affecting,tear,london,wait,despite,,hero,budget,characteristic,,,,,,,,
,mira,promise,slice,easily,fights,,keeps,makeup,pale,,,,,,,,
,limitations,face,title,dollar,themselves,,grief,role,affecting,,,,,,,,
,classical,red,delightful,death,ambitions,,tackles,jason,classical,,,,,,,,
,successful,open,wildlife,camp,compelling,,grotesque,proper,successful,,,,,,,,
,seeing,score,spare,theatrical,84,,motion,brings,levels,,,,,,,,
,moving,high,structured,faith,minutes,,presents,great,seeing,,,,,,,,
,intelligent,puts,crossover,extraordinary,mere,,spielberg,woman,intelligent,,,,,,,,
,appears,offering,adventurous,seen,runs,,trademark,years,moving,,,,,,,,
,sequels,broad,toward,heart,procession,,capable,art,sequels,,,,,,,,
,accomplish,dozens,indian,champion,sweeping,,dangerously,taking,celebrated,,,,,,,,
,poet,block,admission,willing,remarkable,,stylistic,artist,appeal,,,,,,,,
,looking,attractive,schumacher,adaptation,romance,,daring,loss,sustain,,,,,,,,
,sustain,absolutely,shallow,interesting,pleasant,,wo,share,especially,,,,,,,,
,summer,hours,targeted,sure,slightest,,convey,effort,ambitious,,,,,,,,
,filmmaker,bring,reflects,works,dash,,journey,similar,filmmaker,,,,,,,,
,ambitious,feet,carnage,sea,acting,,emerge,examination,subject,,,,,,,,
,taboo,bucks,handheld,makes,involved,,enterprise,collapse,weaknesses,,,,,,,,
,subject,sandwich,footage,keeping,shows,,say,itself,fate,,,,,,,,
,interference,heat,fiddle,tight,uneven,,treats,challenges,low,,,,,,,,
,weaknesses,body,second,disney,wildly,,kennedy,learning,ellen,,,,,,,,
,overcome,separation,folly,archives,license,,assassination,serves,exciting,,,,,,,,
,carmen,information,nomination,sequel,90,,inspired,tool,interviews,,,,,,,,
,fate,whom,oscar,final,music,,attempt,way,ago,,,,,,,,
,low,moving,offering,despite,want,,soundtrack,play,failing,,,,,,,,
,ode,reading,norwegian,argues,videos,,quality,big,astonishing,,,,,,,,
,muttering,attention,kahn,fights,color,,load,scene,thrill,,,,,,,,
,walked,fingers,esther,whether,depth,,nba,effective,opera,,,,,,,,
,intact,known,irritating,problem,able,,frequently,stick,soap,,,,,,,,
,backward,wants,exercise,minutes,re,,striking,community,species,,,,,,,,
,copies,hotel,halfway,runs,over,,narrator,tradition,evade,,,,,,,,
,luminous,room,beginning,picture,hit,,animation,importance,tv,,,,,,,,
,interviews,original,setup,glance,being,,impossible,set,enjoyable,,,,,,,,
,lynch,diesel,grips,84,preliminary,,heroine,look,purely,,,,,,,,
,trier,norm,fascinating,mere,narrative,,dramatically,business,failure,,,,,,,,
,failing,license,martial,pictures,day,,provocative,plans,suffering,,,,,,,,
,astonishing,network,filmed,genre,amounts,,distinctive,cell,powerful,,,,,,,,
,thrill,passes,moves,romance,trouble,,demonstrate,wild,cinematography,,,,,,,,
,soap,authority,computer,remarkable,frustrating,,desperate,online,needs,,,,,,,,
,showdown,running,camera,better,unpredictable,,blown,watching,demanding,,,,,,,,
,species,difficult,rhythms,date,screaming,,jackson,supposed,surreal,,,,,,,,
,evade,native,stream,short,epic,,visual,absolutely,material,,,,,,,,
,tv,wild,manufactured,pleasant,spectacle,,close,rock,formula,,,,,,,,
,chooses,french,credibility,involved,ii,,monty,roll,dolls,,,,,,,,
,enjoyable,imagine,quintet,shows,hardly,,moral,surprise,argentine,,,,,,,,
,purely,interested,performed,acting,conclusions,,grounded,trying,celebrates,,,,,,,,
,question,girls,actresses,save,dramas,,adult,tries,persona,,,,,,,,
,wounds,merits,take,license,while,,episodes,harder,plight,,,,,,,,
,failure,slice,nicely,music,ponder,,generation,grab,darling,,,,,,,,
,suffering,random,lau,want,speak,,amused,service,violence,,,,,,,,
,powerful,brought,thanks,least,forces,,constructed,others,humanity,,,,,,,,
,cinematography,attempt,quentin,90,considerable,,scenario,special,force,,,,,,,,
,making,eating,desperately,videos,large,,impressed,important,lesser,,,,,,,,
,needs,appeal,grow,color,both,,skill,reveals,thriller,,,,,,,,
,surreal,holds,essentially,depth,largely,,vampire,da,fury,,,,,,,,
,chateau,please,well,100,scattered,,determined,relief,maternal,,,,,,,,
,passion,tongue,elevated,able,fashion,,tragedy,welcome,complex,,,,,,,,
,rendering,afraid,grant,hit,chances,,providing,promise,wooden,,,,,,,,
,man,across,hugh,day,standards,,spell,per,strongest,,,,,,,,
,dolls,chips,stay,style,backseat,,brutally,view,brothers,,,,,,,,
,nonstop,contribution,urban,difficult,actually,,packed,pay,dover,,,,,,,,
,partisans,corner,insight,notes,thing,,breadth,wait,potent,,,,,,,,
,sabotage,famous,genuine,trouble,mess,,spite,easily,insult,,,,,,,,
,torture,bigger,tones,narrative,whole,,remarkably,dollar,document,,,,,,,,
,argentine,trying,brown,amounts,flashes,,topic,death,auto,,,,,,,,
,son,turns,lane,preliminary,reconciliation,,psychological,camp,imagination,,,,,,,,
,celebrates,lengthy,full,running,gentle,,dynamics,faith,lingering,,,,,,,,
,white,ago,celebration,screaming,sibling,,starring,seen,appealing,,,,,,,,
,vulnerable,hell,warm,ii,path,,60s,heart,there,,,,,,,,
,isolation,key,bridge,ultimate,potentially,,begins,champion,2002,,,,,,,,
,plight,guaranteed,metaphor,epic,script,,actor,willing,canvas,,,,,,,,
,watts,several,wanting,ask,expect,,nicholas,adaptation,irony,,,,,,,,
,persona,fill,retains,fans,loaded,,optimistic,interesting,complete,,,,,,,,
,comics,afternoon,resonance,hardly,girl,,smarter,into,modern,,,,,,,,
,female,realizes,viewers,character,resume,,practically,should,assured,,,,,,,,
,darling,assumption,words,reach,bar,,behold,sure,solid,,,,,,,,
,violence,prime,format,translation,3,,tremendous,works,thematic,,,,,,,,
,use,mountain,handsome,forces,ride,,murphy,sea,politics,,,,,,,,
,lesser,moment,drama,speak,enjoy,,eddie,makes,smug,,,,,,,,
,continues,evening,either,large,predecessors,,absorbing,keeping,captures,,,,,,,,
,force,touch,her,considerable,visions,,treatise,tight,lived,,,,,,,,
,thriller,goes,debut,spaces,dark,,qualities,disney,deserve,,,,,,,,
,maternal,center,haunting,flat,add,,writer,final,stupid,,,,,,,,
,fury,strong,mainly,largely,pacing,,caine,despite,sexuality,,,,,,,,
,wooden,glass,fine,awful,entirely,,dynamic,themselves,mood,,,,,,,,
,progresses,personality,aimed,told,exposure,,ultimately,whether,offensive,,,,,,,,
,risks,trouble,seats,fashion,give,,changing,problem,finally,,,,,,,,
,manner,filled,kids,scattered,things,,precious,minutes,emotionally,,,,,,,,
,strongest,rooms,passages,studio,breathless,,gripping,runs,engage,,,,,,,,
,dover,water,observation,standards,anticipation,,startling,picture,were,,,,,,,,
,potent,bother,girls,bold,significantly,,devoid,glance,lazy,,,,,,,,
,seeks,believe,beings,chances,tides,,fatal,84,loose,,,,,,,,
,insult,wrapped,players,actually,predictable,,developed,pictures,revealing,,,,,,,,
,apartheid,outside,gifted,effects,entertaining,,sketch,genre,study,,,,,,,,
,now,warm,fore,thing,smooth,,vincent,romance,husband,,,,,,,,
,there,complaint,made,fear,professional,,surprising,better,book,,,,,,,,
,korean,thin,dates,whole,subordinate,,bollywood,date,chilling,,,,,,,,
,canvas,ate,sex,mess,technically,,monsoon,short,filming,,,,,,,,
,irony,murder,becomes,path,tone,,profoundly,involved,submarine,,,,,,,,
,complete,field,demands,rocky,change,,recommendation,shows,audience,,,,,,,,
,modern,host,undead,gentle,beat,,am,acting,lead,,,,,,,,
,thematic,rolling,kicking,warmth,dim,,cannes,save,idiots,,,,,,,,
,sexual,building,merely,humor,goofy,,focused,license,spirit,,,,,,,,
,road,beginning,culture,working,quivering,,understands,music,holes,,,,,,,,
,politics,artists,delivered,script,inside,,rises,want,master,,,,,,,,
,smug,teach,scenes,expect,term,,harry,least,war,,,,,,,,
,obvious,wood,momentum,sensitive,respect,,holm,90,screenplay,,,,,,,,
,equations,stand,gaining,potentially,showing,,monumental,videos,bored,,,,,,,,
,captures,express,sand,girl,emotions,,logic,color,thoughtful,,,,,,,,
,lived,spring,characteristic,bar,honest,,attempts,depth,tale,,,,,,,,
,deserve,simple,juliette,credits,lame,,frantic,over,drugs,,,,,,,,
,stupid,level,affecting,loaded,confessions,,amusing,being,sitcom,,,,,,,,
,sexuality,cup,mira,ride,thin,,pulse,re,broad,,,,,,,,
,combining,alterations,limitations,enjoy,slice,,subconscious,100,lacks,,,,,,,,
,indictment,length,classical,dark,london,,guessing,able,ability,,,,,,,,
,finally,having,successful,beyond,title,,ought,hit,abuse,,,,,,,,
,offensive,move,moving,add,delightful,,stirring,day,diverse,,,,,,,,
,clause,hoped,intelligent,yes,wildlife,,struggling,style,suffers,,,,,,,,
,emotionally,parts,miserable,extremely,spare,,builds,difficult,strong,,,,,,,,
,loose,forest,sequels,give,plain,,pointed,notes,midway,,,,,,,,
,prove,whether,accomplish,entirely,structured,,christian,trouble,loses,,,,,,,,
,revealing,blues,playwright,exposure,different,,political,running,touches,,,,,,,,
,done,potential,poet,performers,adventurous,,corruption,screaming,dragon,,,,,,,,
,pace,venture,celebrated,feels,toward,,leon,ii,roger,,,,,,,,
,husband,aged,bound,affair,indian,,monster,ultimate,lightweight,,,,,,,,
,thrown,cuts,appeal,things,worth,,satirical,ask,pleasing,,,,,,,,
,illumination,between,sustain,significantly,idea,,equivalent,fans,purpose,,,,,,,,
,darker,medium,right,brilliant,schumacher,,truth,hardly,commercial,,,,,,,,
,chilling,95,summer,professional,produced,,magnetic,character,wry,,,,,,,,
,reefs,important,filmmaker,smooth,motivated,,inherent,reach,mayhem,,,,,,,,
,seeking,sit,ambitious,change,targeted,,bubble,translation,plots,,,,,,,,
,submarine,gay,sofia,seems,shallow,,potential,while,reality,,,,,,,,
,supernatural,christmas,sister,positive,styles,,ghosts,forces,sentimental,,,,,,,,
,paranoid,existed,subject,tone,please,,suitable,speak,whatever,,,,,,,,
,simulate,necessarily,taboo,beat,carnage,,commentary,both,cry,,,,,,,,
,idiots,mean,weaknesses,acts,footage,,magic,large,hastily,,,,,,,,
,spirit,double,interference,may,blair,,device,considerable,plotted,,,,,,,,
,medium,use,overcome,inside,second,,vulgar,spaces,talent,,,,,,,,
,gaping,guest,carmen,kid,fiddle,,finely,flat,drown,,,,,,,,
,olympic,credit,yourself,length,nomination,,cartoons,largely,machine,,,,,,,,
,blend,mile,run,term,offering,,straight,told,complexity,,,,,,,,
,claude,situation,cover,value,somehow,,light,fashion,means,,,,,,,,
,master,pick,low,respect,kahn,,transporting,scattered,situation,,,,,,,,
,inuit,allowed,ode,waiting,esther,,belongs,studio,darkness,,,,,,,,
,screenplay,cash,walked,showing,unusual,,diversion,standards,insults,,,,,,,,
,bored,sexual,muttering,emotions,also,,linger,bold,warning,,,,,,,,
,thoughtful,member,transition,honest,irritating,,floating,actually,provides,,,,,,,,
,tale,match,stage,london,halfway,,center,effects,waste,,,,,,,,
,sitcom,flat,screen,title,beginning,,plays,thing,predecessor,,,,,,,,
,testament,fancy,next,thin,setup,,opaque,fear,unexpectedly,,,,,,,,
,ability,trick,backward,wildlife,grips,,finest,whole,comedies,,,,,,,,
,report,fabric,giant,spare,hard,,jones,mess,enduring,,,,,,,,
,palestinian,parents,exciting,photography,fascinating,,reel,path,subjects,,,,,,,,
,suffers,sane,luminous,understand,arts,,friendship,rocky,teen,,,,,,,,
,strong,convinced,interviews,plain,camera,,leads,gentle,wan,,,,,,,,
,flickering,lottery,decades,traditionally,moves,,refusing,working,sweet,,,,,,,,
,loses,recommendation,trier,different,jagged,,creates,script,asks,,,,,,,,
,dragon,essentially,lynch,toward,rhythms,,creativity,expect,delight,,,,,,,,
,midway,shelf,failing,indian,distracted,,sham,sensitive,meaningful,,,,,,,,
,rodriguez,example,thrill,markets,stream,,foundation,3,beneath,,,,,,,,
,pleasing,99,astonishing,idea,claim,,hurley,girl,bigger,,,,,,,,
,purpose,via,growth,price,slick,,objective,bar,polished,,,,,,,,
,lightweight,filmmakers,opera,worth,street,,fulfill,credits,construct,,,,,,,,
,commercial,harris,showdown,admission,nicely,,theaters,ride,arrogance,,,,,,,,
,triumphant,smart,simply,produced,actresses,,competent,enjoy,vanity,,,,,,,,
,wry,theaters,species,please,performed,,glorious,dark,laughed,,,,,,,,
,mayhem,seats,evade,jerry,quintet,,series,beyond,laughter,,,,,,,,
,plots,movie,leaves,styles,valuable,,misses,add,philosophical,,,,,,,,
,reality,films,purely,shallow,lau,,employs,yes,invention,,,,,,,,
,whatever,movies,enjoyable,joel,thanks,,allow,extremely,drag,,,,,,,,
,plotted,audience,question,targeted,quentin,,strangely,give,directing,,,,,,,,
,hastily,immersed,open,witch,grow,,brought,entirely,required,,,,,,,,
,bombs,film,failure,footage,collection,,cheat,exposure,hop,,,,,,,,
,stories,movement,suffering,second,rest,,indie,feels,literary,,,,,,,,
,surface,popcorn,powerful,norwegian,well,,hopkins,affair,dull,,,,,,,,
,stupidity,members,clinic,somehow,elevated,,establishes,before,distant,,,,,,,,
,depths,laugh,cinematography,offering,grant,,slightly,ve,witty,,,,,,,,
,machine,skin,reason,nomination,hugh,,teacher,things,european,,,,,,,,
,complexity,station,needs,oscar,early,,plotting,significantly,accomplished,,,,,,,,
,means,late,demanding,also,stay,,reduces,professional,fears,,,,,,,,
,situation,436,making,unusual,arrive,,minute,smooth,portrait,,,,,,,,
,responsible,set,surreal,exercise,insight,,inspire,here,rare,,,,,,,,
,darkness,directions,chateau,beginning,genuine,,painfully,change,draws,,,,,,,,
,insults,lobby,passion,halfway,urban,,realize,seems,pain,,,,,,,,
,1984,upon,formula,easy,hours,,structure,positive,fails,,,,,,,,
,predecessor,handled,wrong,borders,brown,,unlikely,tone,success,,,,,,,,
,unexpectedly,shower,distance,hard,tones,,obstacles,beat,unexpected,,,,,,,,
,comedies,noise,rendering,arts,includes,,centuries,because,imitation,,,,,,,,
,enduring,interviews,dolls,computer,crime,,truths,acts,stiff,,,,,,,,
,romantic,shore,man,guns,lane,,inspiring,may,frustration,,,,,,,,
,teen,channel,awe,camera,diane,,tossed,inside,winning,,,,,,,,
,acid,optimistic,nonstop,moves,fighting,,consequences,kid,antics,,,,,,,,
,wan,tv,partisans,filmed,steven,,visually,length,pleasure,,,,,,,,
,sweet,problems,torture,martial,energy,,chuckle,term,bottom,,,,,,,,
,delight,finding,argentine,stream,celebration,,maneuvers,value,lewis,,,,,,,,
,meaningful,enter,bride,street,water,,twists,respect,perspective,,,,,,,,
,harvesting,sides,celebrates,claim,under,,including,waiting,father,,,,,,,,
,polished,women,points,manufactured,warm,,dazzling,showing,tension,,,,,,,,
,construct,noon,white,take,red,,scope,emotions,bleak,,,,,,,,
,trace,mine,wrapped,performed,metaphor,,source,honest,results,,,,,,,,
,debt,c,vulnerable,valuable,home,,spanish,london,bullets,,,,,,,,
,laughed,obscure,watts,messages,retains,,spend,title,none,,,,,,,,
,endeavors,wise,isolation,thanks,resonance,,technology,thin,poem,,,,,,,,
,adhere,o,plight,guys,added,,inspirational,wildlife,convincing,,,,,,,,
,laughter,letting,frame,grow,viewers,,status,photography,viewer,,,,,,,,
,philosophical,reasons,darling,desperately,handsome,,identity,understand,pile,,,,,,,,
,invention,vietnam,violence,collection,either,,jerking,plain,useless,,,,,,,,
,drag,extra,humanity,essentially,debut,,corpus,traditionally,deserves,,,,,,,,
,juvenile,sense,force,well,haunting,,turkey,different,affection,,,,,,,,
,literary,himself,thriller,rest,behind,,cruelty,toward,pathology,,,,,,,,
,humans,thick,maternal,elevated,fine,,fame,indian,tell,,,,,,,,
,distant,hope,fury,line,mainly,,enjoys,markets,souls,,,,,,,,
,dull,master,complex,grant,seats,,russian,idea,adventure,,,,,,,,
,witty,star,wooden,hugh,passages,,english,price,regardless,,,,,,,,
,refusal,feeling,risks,early,swim,,pushes,worth,ages,,,,,,,,
,accomplished,myself,progresses,stay,spot,,dong,produced,subjected,,,,,,,,
,primal,prowess,strongest,arrive,contribution,,hoffman,please,substances,,,,,,,,
,cope,intense,brothers,urban,beings,,charismatic,jerry,overrun,,,,,,,,
,fears,product,dover,john,gifted,,harmless,styles,foul,,,,,,,,
,portrait,interest,potent,hours,made,,uncertain,witch,convince,,,,,,,,
,rare,acclaimed,seeks,blue,fore,,dreamed,second,documentary,,,,,,,,
,pain,absorb,excitement,green,players,,editing,norwegian,satire,,,,,,,,
,draws,designed,insult,brown,school,,strength,somehow,courage,,,,,,,,
,pieces,indeed,empty,includes,high,,directors,offering,target,,,,,,,,
,fails,list,problems,organized,dates,,stephen,nomination,embracing,,,,,,,,
,compassion,eyes,apartheid,crime,demands,,fact,oscar,intellectual,,,,,,,,
,success,season,achieve,richard,excellent,,richer,also,test,,,,,,,,
,unexpected,window,era,lane,receives,,hearst,unusual,meditation,,,,,,,,
,bard,air,auto,fighting,blast,,hollow,exercise,moody,,,,,,,,
,strengths,award,document,skills,undead,,endeavor,beginning,stereotypes,,,,,,,,
,dream,through,lingering,steven,merely,,groundbreaking,easy,observations,,,,,,,,
,stiff,recipe,imagination,full,*,,musicals,borders,humorous,,,,,,,,
,frustration,cry,appealing,water,private,,cerebral,hard,ill,,,,,,,,
,pleasure,funny,serious,red,momentum,,manners,arts,bore,,,,,,,,
,antics,deliver,irrelevant,energy,characteristic,,themes,computer,universal,,,,,,,,
,bottom,stiff,turns,bridge,sand,,betrayal,guns,involving,,,,,,,,
,miracles,compare,gradually,warm,affecting,,wants,camera,doses,,,,,,,,
,guilty,marked,describe,celebration,honestly,,pow,moves,edited,,,,,,,,
,miracle,accept,2002,home,limitations,,african,filmed,wholly,,,,,,,,
,lewis,downfall,korean,leave,mira,,jolly,martial,sequence,,,,,,,,
,davies,departure,canvas,leaving,successful,,distracting,stream,badly,,,,,,,,
,bleak,shoot,historical,mention,seeing,,survivors,street,unnecessary,,,,,,,,
,sincere,pool,irony,wanting,moving,,readily,claim,check,,,,,,,,
,each,element,assured,added,accomplish,,slim,manufactured,complicated,,,,,,,,
,office,test,complete,words,sequels,,eating,take,smart,,,,,,,,
,bullets,seemingly,solid,format,playwright,,settle,performed,context,,,,,,,,
,none,inspired,thematic,viewers,poet,,nonsense,valuable,comedic,,,,,,,,
,poem,putting,politics,drama,celebrated,,reminds,messages,ensemble,,,,,,,,
,convincing,color,road,handsome,looking,,embarrassment,thanks,painful,,,,,,,,
,1989,weeks,smug,either,grade,,uncomfortably,guys,psychology,,,,,,,,
,viewer,children,obvious,behind,trash,,imaginative,grow,symbolism,,,,,,,,
,maintain,monday,equations,debut,end,,akin,collection,scenic,,,,,,,,
,heavily,elbows,captures,fine,sustain,,viewed,essentially,renowned,,,,,,,,
,useless,lift,deserve,mainly,summer,,somber,well,americans,,,,,,,,
,pile,japanese,stupid,kids,right,,commerce,rest,winners,,,,,,,,
,affection,catches,sexuality,seats,days,,subtly,line,rarely,,,,,,,,
,pathology,tight,combining,aimed,especially,,provoke,grant,reacting,,,,,,,,
,souls,trademark,elements,plenty,serve,,sends,hugh,locations,,,,,,,,
,hint,california,mood,everything,filmmaker,,collapses,early,vibrant,,,,,,,,
,ages,locations,indictment,girls,ambitious,,consciousness,stay,colorful,,,,,,,,
,immediate,forgotten,offensive,observation,sister,,somebody,arrive,marvel,,,,,,,,
,substances,dress,clause,swim,sofia,,climax,urban,fantasy,,,,,,,,
,foul,mall,engage,spot,process,,jealousy,my,sequences,,,,,,,,
,subjected,century,emotionally,made,taboo,,scores,john,pulls,,,,,,,,
,worry,waves,were,players,weaknesses,,autobiographical,hours,sum,,,,,,,,
,convince,wave,loose,shared,interference,,crafted,blue,reduced,,,,,,,,
,documentary,ends,revealing,contribution,yourself,,aging,green,audiences,,,,,,,,
,racism,computer,study,beings,cover,,heightened,brown,brain,,,,,,,,
,kills,study,fairly,school,ode,,virtues,includes,strike,,,,,,,,
,edge,connection,job,high,walked,,flawed,organized,pianist,,,,,,,,
,satire,access,illumination,sex,stage,,treat,crime,premise,,,,,,,,
,ranks,mug,daughters,becomes,intact,,gloss,richard,lush,,,,,,,,
,courage,normally,darker,dates,sitting,,optimism,lane,chase,,,,,,,,
,embracing,laundry,created,excellent,next,,intentions,fighting,martha,,,,,,,,
,intellectual,hand,chilling,demands,ellen,,chamber,skills,rapid,,,,,,,,
,meditation,handle,reefs,receives,giant,,cultural,steven,virtually,,,,,,,,
,freddy,points,fewer,blast,backward,,amid,full,clever,,,,,,,,
,stereotypes,added,deep,merely,exciting,,morality,under,production,,,,,,,,
,outsiders,executed,supernatural,culture,luminous,,futuristic,water,public,,,,,,,,
,humorous,graceful,submarine,private,decades,,circuit,red,pulling,,,,,,,,
,general,manage,paranoid,scenes,three,,swept,energy,deeper,,,,,,,,
,bore,present,grand,delivered,ago,,lad,bridge,sides,,,,,,,,
,suspect,story,found,gaining,trier,,homosexual,warm,intense,,,,,,,,
,involving,soap,avid,pale,lynch,,laced,celebration,faithful,,,,,,,,
,universal,beloved,star,sand,failing,,costumes,home,exaggerated,,,,,,,,
,titular,sufficiently,simulate,characteristic,von,,grind,leave,upon,,,,,,,,
,sands,changes,sewage,honestly,thrill,,johnny,leaving,improved,,,,,,,,
,edited,step,shovel,classical,growth,,gangster,mention,yarn,,,,,,,,
,unnecessary,deep,idiots,successful,opera,,dragons,wanting,punishment,,,,,,,,
,badly,advance,spirit,levels,soap,,reign,added,hero,,,,,,,,
,smoothly,dean,perception,seeing,frozen,,bag,words,innocence,,,,,,,,
,simone,conditioning,gaping,moving,showdown,,myself,format,fiction,,,,,,,,
,check,figure,holes,intelligent,greatly,,disguise,viewers,tackles,,,,,,,,
,ticket,quarter,claude,appears,free,,held,drama,grief,,,,,,,,
,pantheon,piece,master,chapter,species,,quinn,either,kwan,,,,,,,,
,complicated,version,inuit,irish,evade,,hampered,her,hong,,,,,,,,
,comedic,complex,screenplay,approach,tv,,notion,behind,me,,,,,,,,
,deals,status,wish,poet,leaves,,rat,debut,instantly,,,,,,,,
,quarter,supermarket,tale,celebrated,purely,,crucial,fine,ends,,,,,,,,
,ensemble,pack,thoughtful,looking,question,,slump,mainly,spielberg,,,,,,,,
,painful,speak,raw,bound,open,,sophomore,kids,trademark,,,,,,,,
,symbolism,grace,sitcom,appeal,suffering,,70s,seats,planet,,,,,,,,
,psychology,saving,testament,grade,failure,,conflict,aimed,contest,,,,,,,,
,endless,ounce,ability,right,powerful,,advance,plenty,cleansing,,,,,,,,
,scenic,connected,shoulders,end,clinic,,recalls,everything,ethnic,,,,,,,,
,allows,names,broad,summer,cinematography,,infectious,girls,stylistic,,,,,,,,
,renowned,themselves,lacks,days,wonderful,,brooding,spot,layered,,,,,,,,
,professionals,seconds,report,looks,confusing,,withstand,made,daring,,,,,,,,
,reacting,provide,abuse,danny,level,,mundane,players,wo,,,,,,,,
,vibrant,settle,fake,however,surreal,,connect,shared,convey,,,,,,,,
,colorful,settled,palestinian,especially,material,,military,contribution,holly,,,,,,,,
,marvel,brother,israeli,serve,passion,,toss,school,tick,,,,,,,,
,sequences,streets,suffers,along,formula,,interpretation,high,journey,,,,,,,,
,fantasy,delivery,strong,sister,distance,,represents,sex,emerge,,,,,,,,
,pulls,concerned,flickering,sofia,man,,lyrical,becomes,passionate,,,,,,,,
,illustrates,similar,midway,process,partisans,,emotion,dates,say,,,,,,,,
,result,mixing,nearly,matter,argentine,,obsession,excellent,movements,,,,,,,,
,restoring,wear,dragon,subject,bride,,triumph,demands,particularly,,,,,,,,
,emerging,nails,rodriguez,conclusion,son,,spends,*,greater,,,,,,,,
,entity,package,lightweight,always,aspects,,combined,merely,tired,,,,,,,,
,tax,respect,roger,creative,celebrates,,window,culture,skin,,,,,,,,
,moonlight,reception,pleasing,helps,points,,capture,private,soundtrack,,,,,,,,
,pianist,courtesy,fare,overcome,white,,fascination,scenes,20,,,,,,,,
,detached,clients,mitchell,avoid,equally,,vague,delivered,load,,,,,,,,
,represented,recognize,purpose,fate,vulnerable,,category,pale,layers,,,,,,,,
,lush,literal,triumphant,run,watts,,recognize,sand,deadly,,,,,,,,
,martha,handling,wry,cover,isolation,,awareness,classical,striking,,,,,,,,
,stewart,drop,mayhem,low,plight,,economical,successful,impressive,,,,,,,,
,rapid,growth,plots,casual,frame,,campbell,levels,lola,,,,,,,,
,virtually,becomes,sake,walked,female,,body,seeing,animation,,,,,,,,
,clever,guessing,sentimental,terrible,darling,,land,moving,impossible,,,,,,,,
,plunging,conventional,colors,stage,violence,,counterparts,appears,faster,,,,,,,,
,intense,toward,money,chicago,humanity,,equal,chapter,timeless,,,,,,,,
,sides,lets,plotted,screen,himself,,sara,irish,hugely,,,,,,,,
,pulling,prefer,hastily,transition,force,,lets,approach,grace,,,,,,,,
,faithful,direction,drown,next,thriller,,raises,poet,humane,,,,,,,,
,exaggerated,cancer,searching,sitting,maternal,,delivering,celebrated,eastern,,,,,,,,
,yarn,rare,bombs,ellen,fury,,elusive,m,entertain,,,,,,,,
,bite,kill,stories,giant,atop,,longing,looking,provocative,,,,,,,,
,punishment,ticket,surface,backward,risks,,scares,bound,sharp,,,,,,,,
,innocence,due,stupidity,copies,progresses,,information,appeal,distinctive,,,,,,,,
,today,stretched,depths,three,manner,,hook,grade,demonstrate,,,,,,,,
,tackles,budget,mouth,ago,brothers,,scottish,right,makers,,,,,,,,
,grotesque,exit,decent,decades,miss,,imagery,end,discipline,,,,,,,,
,kwan,ourselves,machine,interviews,dover,,suited,summer,jackson,,,,,,,,
,stanley,photos,complexity,von,potent,,shimmering,days,boy,,,,,,,,
,wore,distracting,orthodox,failing,outstanding,,adolescent,looks,aims,,,,,,,,
,clive,slip,favor,caught,excitement,,seat,danny,visual,,,,,,,,
,barker,buttons,dramatic,growth,insult,,matched,however,close,,,,,,,,
,recognizable,condition,darkness,opera,empty,,martin,especially,monty,,,,,,,,
,propelled,earlier,insults,frozen,apartheid,,visuals,serve,realism,,,,,,,,
,spielberg,fuel,loud,soap,wedding,,lifelong,along,frank,,,,,,,,
,trademark,frame,1984,simply,greek,,thinks,sister,place,,,,,,,,
,capable,impact,waste,greatly,auto,,compliment,process,elegance,,,,,,,,
,revelations,ability,predecessor,free,marking,,pity,matter,spy,,,,,,,,
,stylistic,office,sets,species,lingering,,positively,subject,adult,,,,,,,,
,layered,talk,sentence,tv,slow,,sleeve,conclusion,contemporary,,,,,,,,
,daring,land,unexpectedly,leaves,appealing,,wears,always,kevin,,,,,,,,
,wo,written,comedies,question,gradually,,intimacy,creative,rendered,,,,,,,,
,convey,hall,enduring,open,turns,,genres,helps,episodes,,,,,,,,
,spanning,industry,subjects,wounds,irrelevant,,sentiments,yourself,truck,,,,,,,,
,marina,sweetly,flick,failure,then,,alabama,avoid,constructed,,,,,,,,
,holly,resident,teen,suffering,2002,,impact,fate,amused,,,,,,,,
,emerge,kinda,wan,powerful,canvas,,millions,run,scenario,,,,,,,,
,passionate,rules,oddly,clinic,historical,,ice,cover,skill,,,,,,,,
,say,strict,sweet,wonderful,irony,,form,low,vampire,,,,,,,,
,movements,knowing,delight,reason,solid,,substantial,walked,accent,,,,,,,,
,evolution,system,harvesting,making,modern,,oliver,terrible,heavy,,,,,,,,
,adolescents,darkness,meaningful,level,thematic,,calls,stage,fierce,,,,,,,,
,particularly,buddy,purposes,needs,smug,,chemistry,chicago,crippled,,,,,,,,
,tired,laughter,beneath,demanding,equations,,dawn,screen,boring,,,,,,,,
,scrutiny,rush,construct,material,captures,,gasp,transition,tragedy,,,,,,,,
,escape,underneath,trace,passion,deserve,,control,next,repetitive,,,,,,,,
,radiant,wind,arrogance,wrong,stupid,,willis,sitting,fallen,,,,,,,,
,escaped,plays,knows,formula,sexuality,,illuminating,giant,brutally,,,,,,,,
,dug,cotton,vanity,distance,elements,,measure,copies,dose,,,,,,,,
,kennedy,outing,debt,sufficient,mood,,static,three,except,,,,,,,,
,speculation,shining,laughed,rachel,heated,,photographed,ago,breadth,,,,,,,,
,assassination,frank,endeavors,since,combining,,mendes,decades,poverty,,,,,,,,
,soundtrack,pictures,lizard,man,indictment,,return,interviews,evident,,,,,,,,
,quality,circumstances,laughter,valley,across,,implies,von,spite,,,,,,,,
,twist,screen,adhere,torture,offensive,,sees,caught,enthusiasm,,,,,,,,
,20,distance,need,son,finally,,shadow,growth,clearly,,,,,,,,
,nba,perspective,laws,reminded,engage,,mafia,opera,protagonists,,,,,,,,
,layers,w,philosophical,argentine,clause,,audrey,frozen,order,,,,,,,,
,deadly,winning,invention,bride,children,,lawrence,soap,shoot,,,,,,,,
,inferior,event,drag,white,santa,,operatic,simply,kill,,,,,,,,
,frequently,crime,juvenile,points,intimate,,51,greatly,murder,,,,,,,,
,chords,spirit,required,aspects,were,,similarly,free,following,,,,,,,,
,striking,greater,hop,equally,loose,,effortlessly,species,remarkably,,,,,,,,
,impressive,watching,literary,wrapped,prove,,strictly,tv,topic,,,,,,,,
,biography,planet,dull,package,revealing,,confused,leaves,insistent,,,,,,,,
,narrator,wondered,distant,frame,main,,mick,question,survival,,,,,,,,
,animation,blind,chilly,vulnerable,done,,relate,open,psychological,,,,,,,,
,task,ye,witty,female,job,,giggle,failure,coherent,,,,,,,,
,heroine,waters,buttons,comics,illumination,,gang,suffering,jokes,,,,,,,,
,creating,weary,accomplished,channel,created,,disgust,powerful,victories,,,,,,,,
,dramatically,travel,primal,cable,chilling,,terrorist,wonderful,bizarre,,,,,,,,
,compassionate,exhausted,fears,darling,reefs,,chuckles,reason,class,,,,,,,,
,timeless,stays,brutal,amazing,filming,,stylized,making,starring,,,,,,,,
,featuring,gentle,cope,violence,existent,,rural,level,morning,,,,,,,,
,eastern,edge,portrait,use,break,,89,needs,saturday,,,,,,,,
,humane,sleeve,rare,humanity,deep,,fancy,material,actor,,,,,,,,
,side,makeup,draws,force,supernatural,,possibly,passion,playful,,,,,,,,
,neither,collapse,bits,continues,submarine,,aspirations,wrong,nicholas,,,,,,,,
,entertain,bags,midnight,lesser,grand,,underlying,formula,finds,,,,,,,,
,provocative,deserve,mind,joke,found,,limp,distance,smarter,,,,,,,,
,longest,national,fails,fury,audience,,roberto,sufficient,splendid,,,,,,,,
,sharp,news,busy,complex,avid,,kicks,rachel,absorbing,,,,,,,,
,discourse,runs,compassion,wooden,lead,,horizons,since,liberation,,,,,,,,
,distinctive,certain,sleeper,manner,star,,hole,man,losers,,,,,,,,
,demonstrate,wives,unexpected,brothers,simulate,,titled,valley,writer,,,,,,,,
,blown,sum,bard,miss,idiots,,reminder,son,caine,,,,,,,,
,aims,situations,imitation,outstanding,shovel,,significance,reminded,punching,,,,,,,,
,monty,sensitive,bone,writing,medium,,seductive,white,michael,,,,,,,,
,assaults,100,strengths,excitement,spirit,,productions,points,dynamic,,,,,,,,
,accuracy,productions,dream,empty,gaping,,meaningless,aspects,ultimately,,,,,,,,
,grounded,cult,stiff,problems,olympic,,curse,wrapped,moved,,,,,,,,
,realism,instinct,lives,greek,team,,bid,package,dude,,,,,,,,
,novak,dancing,stimulus,wedding,blend,,embedded,frame,cia,,,,,,,,
,civic,dance,frustration,fat,claude,,delhi,female,chasing,,,,,,,,
,place,adult,winning,achieve,master,,sits,comics,falls,,,,,,,,
,maturity,starts,antics,popularity,inuit,,loser,channel,agent,,,,,,,,
,elegance,ones,barrel,male,screenplay,,eponymous,cable,changing,,,,,,,,
,dreams,cared,miracles,era,bored,,primitive,amazing,dead,,,,,,,,
,kevin,discussion,miracle,document,wish,,technique,violence,strain,,,,,,,,
,khan,regarding,lewis,auto,thoughtful,,prevalent,use,gripping,,,,,,,,
,wrath,plane,remembering,slow,tale,,taylor,himself,startling,,,,,,,,
,devotees,peas,davies,imagination,raw,,harvard,force,terry,,,,,,,,
,vu,mood,perspective,marking,sitcom,,encompasses,continues,george,,,,,,,,
,generation,record,showcases,serious,shoulders,,chelsea,complex,french,,,,,,,,
,episodes,count,bleak,turns,broad,,ritchie,wooden,spotlight,,,,,,,,
,bile,seeing,sincere,gradually,report,,checking,manner,wonder,,,,,,,,
,faulty,sporting,holiday,describe,abuse,,inconsistent,brothers,devoid,,,,,,,,
,amused,means,bullets,2002,fake,,endurance,miss,fatal,,,,,,,,
,skill,builds,none,korean,palestinian,,ai,outstanding,glossy,,,,,,,,
,entertained,attract,hail,historical,israeli,,stretched,writing,desperation,,,,,,,,
,bela,shots,poem,modern,strong,,brief,empty,exquisite,,,,,,,,
,vampire,creek,convincing,complete,touches,,ambition,problems,developed,,,,,,,,
,determined,jokes,viewer,solid,midway,,roles,greek,bollywood,,,,,,,,
,typical,involved,patient,assured,flickering,,heights,wedding,remotely,,,,,,,,
,fierce,advice,maintain,road,fire,,suggest,fat,devastating,,,,,,,,
,crippled,laughs,tattoo,politics,loses,,presentation,achieve,worthy,,,,,,,,
,tragedy,slick,timely,sexual,rodriguez,,lean,popularity,desire,,,,,,,,
,repetitive,add,pile,obvious,move,,mask,male,bullock,,,,,,,,
,melancholy,routine,affection,lived,purpose,,donovan,era,poetic,,,,,,,,
,fallen,urban,pathology,passing,pleasing,,irwin,document,sparkling,,,,,,,,
,spell,mention,vietnam,na,fare,,aesthetics,now,sloppy,,,,,,,,
,brutally,bits,souls,stupid,christmas,,crack,slow,mildly,,,,,,,,
,tolerate,appearance,ages,elements,triumphant,,despair,serious,lopez,,,,,,,,
,scandal,smoky,adventure,mood,wry,,chronicles,?,relationships,,,,,,,,
,baroque,scarcely,substances,heated,plots,,knees,there,baffled,,,,,,,,
,cool,built,subjected,felt,reality,,commended,turns,cannes,,,,,,,,
,breadth,scene,overrun,across,wet,,whale,gradually,anderson,,,,,,,,
,upper,sketch,documentary,board,various,,splash,describe,understands,,,,,,,,
,poverty,insurance,racism,weird,whatever,,arnold,then,possible,,,,,,,,
,hardship,flood,edge,finally,sentimental,,combat,2002,rises,,,,,,,,
,spite,worried,satire,offensive,cry,,prejudice,korean,harry,,,,,,,,
,enthusiasm,message,debuts,children,future,,screenwriter,historical,holm,,,,,,,,
,protagonists,fraction,teddy,santa,max,,lion,modern,ian,,,,,,,,
,zombie,coal,courage,engage,plotted,,jump,complete,minds,,,,,,,,
,shoot,allow,top,loose,drown,,celebrity,solid,hearts,,,,,,,,
,murder,date,graduated,prove,bombs,,raise,road,justice,,,,,,,,
,matthew,machine,embracing,main,surface,,lifeless,politics,talking,,,,,,,,
,remarkably,higher,intellectual,study,stupidity,,rumor,sexual,heads,,,,,,,,
,cheese,further,admire,fairly,machine,,element,obvious,dawson,,,,,,,,
,topic,shoots,test,revealing,4,,depiction,lived,portray,,,,,,,,
,insistent,ingredient,meditation,done,/,,collective,passing,achievement,,,,,,,,
,nausea,pure,freddy,job,familiar,,contributed,na,accents,,,,,,,,
,survival,preceded,moody,gets,situation,,singles,stupid,freeman,,,,,,,,
,psychological,matters,stereotypes,pace,means,,paxton,elements,logic,,,,,,,,
,coherent,primary,outsiders,husband,complexity,,forster,mood,laughing,,,,,,,,
,victories,smirk,observations,book,dramatic,,levy,felt,attempts,,,,,,,,
,dynamics,grinning,filled,thrown,among,,seriousness,across,grey,,,,,,,,
,struggles,comic,ill,created,darkness,,brains,board,zone,,,,,,,,
,class,carried,bore,daughters,loud,,instinct,weird,shadowy,,,,,,,,
,routine,comics,universal,darker,provides,,flesh,finally,generated,,,,,,,,
,morning,pants,involving,filming,predecessor,,drastic,offensive,sheer,,,,,,,,
,brightly,performance,titular,seeking,sets,,fantasies,2,else,,,,,,,,
,british,yard,sands,surviving,unexpectedly,,illness,children,graceful,,,,,,,,
,actor,video,doses,break,comedies,,canadians,santa,energetic,,,,,,,,
,playful,avid,liberal,fewer,enduring,,calculated,were,resist,,,,,,,,
,nicholas,suit,sequence,deep,doubt,,suffer,ll,amusing,,,,,,,,
,optimistic,younger,edited,okay,subjects,,93,loose,obligatory,,,,,,,,
,coming,adults,unnecessary,submarine,flick,,portraying,prove,pulse,,,,,,,,
,dogs,unsuccessful,badly,grand,wan,,revenge,main,cynical,,,,,,,,
,smarter,social,wholly,found,oddly,,clouds,study,attract,,,,,,,,
,pack,marvel,awkwardly,audience,sweet,,neatly,fairly,stirring,,,,,,,,
,measured,scope,simone,lead,asks,,junk,done,struggling,,,,,,,,
,tremendous,international,check,star,delight,,rejected,job,builds,,,,,,,,
,aged,flight,instead,mental,harvesting,,directs,gets,chan,,,,,,,,
,eddie,terminal,dvd,spirit,purposes,,basically,pace,witnessed,,,,,,,,
,permits,shorter,ticket,medium,bigger,,holden,husband,pointed,,,,,,,,
,acute,traffic,pantheon,punk,beneath,,gore,book,reflection,,,,,,,,
,splendid,catching,smart,team,highly,,phenomenon,thrown,problematic,,,,,,,,
,absorbing,brothers,complicated,olympic,assembled,,viewpoint,created,hilarious,,,,,,,,
,spirituality,careful,context,pilot,construct,,content,daughters,christian,,,,,,,,
,treatise,contains,comedic,holes,won,,pool,filming,political,,,,,,,,
,liberation,devices,aware,master,knows,,stays,seeking,triangle,,,,,,,,
,losers,miracle,ensemble,claude,vanity,,stretches,surviving,ghost,,,,,,,,
,burr,stories,painful,war,laughed,,guts,break,novel,,,,,,,,
,caine,attraction,american,screenplay,laughter,,clown,deep,eat,,,,,,,,
,punching,martha,symbolism,wish,need,,conception,okay,monster,,,,,,,,
,whipping,rug,psychology,drugs,lizard,,broadcast,submarine,satirical,,,,,,,,
,dynamic,freedom,stalker,raw,philosophical,,accomplishment,grand,staring,,,,,,,,
,moved,stewart,renowned,tale,drag,,basis,found,equivalent,,,,,,,,
,dude,shooting,americans,playing,directing,,evidence,audience,secrets,,,,,,,,
,reckless,guns,allows,testament,hop,,tempting,lead,bracing,,,,,,,,
,cia,adequately,winners,ability,literary,,bouquet,star,barrels,,,,,,,,
,changing,straight,professionals,shoulders,remote,,majority,mental,sexy,,,,,,,,
,strain,ear,receive,carry,dull,,successor,spirit,barney,,,,,,,,
,gripping,stabbing,rarely,broad,witty,,successfully,medium,legacy,,,,,,,,
,startling,bumps,reacting,report,push,,chest,punk,lunatic,,,,,,,,
,transformation,undergo,locations,abuse,buttons,,volatile,team,monstrous,,,,,,,,
,widow,schedule,vibrant,fake,really,,jay,olympic,evil,,,,,,,,
,tunisian,turkey,colorful,israeli,accomplished,,transformed,pilot,inherent,,,,,,,,
,french,ideas,photographic,diverse,primal,,overwhelming,master,redemption,,,,,,,,
,wonder,rent,marvel,palestinian,mysterious,,cartoon,war,freshly,,,,,,,,
,spotlight,elevated,sequences,strong,fears,,unconventional,wish,intended,,,,,,,,
,devoid,japan,pulls,fire,friends,,racial,drugs,swinging,,,,,,,,
,fatal,lips,fantasy,nearly,portrait,,appropriately,raw,praises,,,,,,,,
,desperation,oscar,ally,dragon,rare,,harrison,tale,delicate,,,,,,,,
,glossy,nail,illustrates,rodriguez,root,,engages,playing,commentary,,,,,,,,
,exquisite,syrup,sum,move,draws,,collateral,ability,magic,,,,,,,,
,waters,chosen,parts,hill,midnight,,grasp,shoulders,innovation,,,,,,,,
,surprising,bag,collegiate,commercial,mind,,higher,carry,vulgar,,,,,,,,
,bollywood,sinks,national,purpose,compassion,,trapped,broad,pokemon,,,,,,,,
,qualify,mainly,restoring,relatively,success,,explores,report,crowd,,,,,,,,
,remotely,realize,factor,roger,sleeper,,string,abuse,allen,,,,,,,,
,devastating,spare,emerging,mitchell,bard,,exploit,israeli,straight,,,,,,,,
,profoundly,presentation,entity,probably,imitation,,malcolm,diverse,light,,,,,,,,
,followed,decision,audiences,christmas,bone,,holocaust,strong,incorporates,,,,,,,,
,nelson,weight,sign,stores,strengths,,streamed,fire,dying,,,,,,,,
,possibility,strength,mile,reality,hispanic,,dizzy,nearly,belongs,,,,,,,,
,achievements,assume,moonlight,sake,stiff,,stone,dragon,freaks,,,,,,,,
,bullock,heads,nerve,various,stimulus,,appearing,move,diversion,,,,,,,,
,poetic,belly,execution,whatever,winning,,chronicle,hill,pitch,,,,,,,,
,brilliance,unit,bit,wet,bottom,,parker,commercial,anatomical,,,,,,,,
,sloppy,replaced,pianist,colors,antics,,adaptations,purpose,rely,,,,,,,,
,sparkling,conduct,detached,shower,barrel,,ripe,relatively,elegant,,,,,,,,
,lopez,attack,represented,lessons,miracles,,characterized,roger,glory,,,,,,,,
,relationships,picked,premise,money,miracle,,marquis,mitchell,god,,,,,,,,
,gaps,ship,lush,cry,lewis,,menace,probably,behavior,,,,,,,,
,norma,significant,chase,future,remembering,,sufficiently,christmas,episode,,,,,,,,
,rae,holiday,martha,max,why,,heck,stores,opaque,,,,,,,,
,baffled,raging,rapid,talent,davies,,fingered,reality,artificial,,,,,,,,
,cannes,vehicle,virtually,living,perspective,,characterization,various,demons,,,,,,,,
,raphael,con,clever,lake,via,,arms,whatever,blank,,,,,,,,
,understands,mind,public,afterwards,father,,involve,wet,hybrid,,,,,,,,
,anderson,imagination,plunging,searching,domestic,,player,colors,flow,,,,,,,,
,possible,1957,getting,bombs,bleak,,effectively,shower,abstract,,,,,,,,
,rises,characters,underneath,traditional,doing,,chases,money,paul,,,,,,,,
,wherein,child,deeper,stories,each,,94,cry,reel,,,,,,,,
,loyal,terms,rug,surface,holiday,,sleek,future,friendship,,,,,,,,
,holm,memorable,intense,mouth,office,,powers,max,bond,,,,,,,,
,ian,shape,faithful,taste,hail,,besides,talent,constant,,,,,,,,
,minds,davis,exaggerated,might,bullets,,stealing,living,connection,,,,,,,,
,justice,report,improved,machine,poem,,fictional,lake,built,,,,,,,,
,dawson,york,upon,familiar,extended,,velocity,afterwards,mainstream,,,,,,,,
,portray,misunderstanding,yarn,west,convincing,,restrained,searching,compromise,,,,,,,,
,someone,controversy,walk,among,viewer,,barrage,traditional,menacing,,,,,,,,
,responsibilities,box,remember,bank,patient,,simplicity,stories,bears,,,,,,,,
,achievement,pointed,punishment,means,seven,,speaks,surface,spent,,,,,,,,
,monumental,implies,innocence,joseph,timely,,miller,mouth,nor,,,,,,,,
,morgan,phrase,hero,situation,useless,,zhang,taste,gangs,,,,,,,,
,freeman,gangs,keeps,jews,pile,,observed,/,creates,,,,,,,,
,judd,larger,tackles,favor,morton,,resembles,4,demonstrating,,,,,,,,
,logic,kong,grotesque,orthodox,efficiency,,fable,might,encouraging,,,,,,,,
,grey,holes,stanley,dramatic,pathology,,nails,machine,creativity,,,,,,,,
,zone,jack,kwan,responsible,tell,,determination,familiar,dickens,,,,,,,,
,shadowy,leather,versatile,darkness,souls,,lies,west,basic,,,,,,,,
,generated,action,hong,loud,adventure,,minority,among,memorable,,,,,,,,
,rain,research,me,1984,immediate,,ramsay,bank,surroundings,,,,,,,,
,graceful,packages,wore,warning,substances,,confirms,means,objective,,,,,,,,
,frantic,normal,refreshing,provides,subjected,,lift,joseph,carol,,,,,,,,
,expression,production,clive,perfect,convince,,oh,situation,intricate,,,,,,,,
,frontman,titles,barker,waste,racism,,pedestrian,jews,goals,,,,,,,,
,energetic,steady,motion,franchise,edge,,densely,favor,project,,,,,,,,
,resist,guessed,recognizable,predecessor,satire,,hitchcock,orthodox,20th,,,,,,,,
,amusing,comparison,ends,sets,debuts,,wreck,dramatic,crimes,,,,,,,,
,obligatory,effective,kinda,sentence,teddy,,curves,responsible,france,,,,,,,,
,pulse,beach,propelled,romantic,top,,strains,darkness,century,,,,,,,,
,subconscious,stage,spielberg,doubt,courage,,rats,loud,theaters,,,,,,,,
,cynical,accepting,trademark,subjects,target,,drops,1984,psyche,,,,,,,,
,attract,pull,score,acid,embracing,,examining,warning,opportunity,,,,,,,,
,stirring,answer,revelations,teen,test,,damon,provides,spin,,,,,,,,
,struggling,phones,planet,highway,intellectual,,commands,perfect,revealed,,,,,,,,
,1970s,lick,mug,sweet,meditation,,burns,waste,strangely,,,,,,,,
,flourish,fool,cleansing,asks,moody,,precise,franchise,cute,,,,,,,,
,sprawling,washington,ethnic,earth,outsiders,,globe,sets,tricks,,,,,,,,
,scientist,exciting,stylistic,beneath,observations,,fiercely,sentence,indie,,,,,,,,
,chan,convention,layered,purposes,filled,,courtroom,romantic,happiness,,,,,,,,
,problematic,vin,daring,bigger,mentally,,variations,doubt,hopkins,,,,,,,,
,hilarious,sets,haute,highly,humorous,,catholic,subjects,occasionally,,,,,,,,
,fantasia,spark,convey,assembled,dealing,,petty,acid,establishes,,,,,,,,
,biographical,onto,tick,trace,bore,,tenth,highway,villain,,,,,,,,
,corruption,measure,spanning,construct,mostly,,inhabitants,sweet,lavish,,,,,,,,
,christian,performances,journey,knows,mix,,salvage,asks,slightly,,,,,,,,
,triangle,cooper,marina,debt,involving,,ties,earth,discovering,,,,,,,,
,leon,clock,holly,laughed,titular,,cultures,beneath,places,,,,,,,,
,during,kid,emerge,need,exterior,,taut,purposes,came,,,,,,,,
,satirical,windows,passionate,laws,edited,,stripped,bigger,increasingly,,,,,,,,
,pained,dying,dare,closely,sequence,,flashbacks,highly,plotting,,,,,,,,
,equivalent,swept,adolescents,laughter,awkwardly,,bet,trace,served,,,,,,,,
,bracing,language,evolution,philosophical,designed,,happily,won,usually,,,,,,,,
,secrets,successful,greater,hot,wholly,,decide,knows,coma,,,,,,,,
,motives,wash,tired,drag,unnecessary,,shades,debt,development,,,,,,,,
,sexy,el,scrutiny,unique,simone,,elemental,laughed,shrill,,,,,,,,
,magnetic,phenomenon,mark,directing,ticket,,arc,need,sinister,,,,,,,,
,legacy,robinson,skin,required,pantheon,,destructive,laws,seconds,,,,,,,,
,lunatic,anderson,radiant,attention,complicated,,support,closely,painfully,,,,,,,,
,evil,muttering,escaped,hip,live,,goods,laughter,resemble,,,,,,,,
,monstrous,waltz,speculation,hop,comedic,,posing,hot,improvisation,,,,,,,,
,smoky,created,kennedy,humans,aware,,reid,unique,weight,,,,,,,,
,inherent,forces,inspired,literary,rip,,fallon,required,peculiar,,,,,,,,
,ghosts,memory,assassination,explanation,1,,forgiveness,attention,devices,,,,,,,,
,swinging,fight,attempt,remote,pull,,stevens,hip,conventional,,,,,,,,
,trees,blend,soundtrack,distant,ensemble,,ethan,hop,fundamentally,,,,,,,,
,praises,english,concepts,european,american,,stuart,humans,manhattan,,,,,,,,
,destiny,satisfactory,layers,really,symbolism,,friendships,literary,firing,,,,,,,,
,ecological,barry,deadly,apart,psychology,,trilogy,explanation,testimony,,,,,,,,
,disturbing,fall,chords,push,endless,,sacrifices,remote,authentic,,,,,,,,
,suitable,jon,striking,accomplished,scenic,,heroism,distant,obstacles,,,,,,,,
,sociological,angle,sadness,mysterious,stalker,,consciously,european,moment,,,,,,,,
,magic,bolt,impressive,fears,wonderland,,enhance,really,spiritual,,,,,,,,
,innovation,ring,king,group,renowned,,robbed,apart,inspiring,,,,,,,,
,teenagers,series,lola,friends,allows,,grim,push,shocking,,,,,,,,
,notice,celebration,reminiscent,portrait,receive,,creatures,group,lifestyle,,,,,,,,
,glaring,attach,middle,rare,ourselves,,crisis,friends,stunt,,,,,,,,
,vulgar,tube,biography,root,colorful,,describes,portrait,sympathetic,,,,,,,,
,violent,creating,narrator,pain,vibrant,,shaky,rare,consequences,,,,,,,,
,pokemon,rattling,animation,attached,introduction,,reno,root,critics,,,,,,,,
,crowd,baggage,impossible,draws,parade,,pocket,pain,paints,,,,,,,,
,cartoons,bang,detail,pieces,forcing,,prowess,attached,competence,,,,,,,,
,incorporates,state,heroine,48,photographic,,controversial,pieces,clarity,,,,,,,,
,transporting,psychology,dramatically,midnight,marvel,,mounted,48,visually,,,,,,,,
,diaz,hospital,compassionate,bits,sequences,,marching,midnight,chuckle,,,,,,,,
,belongs,rigid,timeless,mind,pulls,,develops,mind,deliberate,,,,,,,,
,country,urgent,hugely,reference,illustrates,,obscured,reference,songs,,,,,,,,
,jacques,rewards,grace,busy,result,,veteran,busy,twists,,,,,,,,
,diversion,catch,fall,success,sort,,omnibus,success,benefit,,,,,,,,
,legged,ellen,eastern,unexpected,sum,,section,devoted,committed,,,,,,,,
,freaks,factor,humane,devoted,parts,,settings,bone,commanding,,,,,,,,
,bonds,tremendous,genuinely,bone,collegiate,,departure,dream,presence,,,,,,,,
,ended,moments,neither,dream,reduced,,comfortably,hispanic,staged,,,,,,,,
,anatomical,proper,entertain,hispanic,factor,,moods,lives,including,,,,,,,,
,rely,fluid,provocative,lives,released,,accumulated,winning,lust,,,,,,,,
,elegant,parent,dime,frustration,emerging,,thoughts,bottom,dazzling,,,,,,,,
,majors,sex,mean,winning,u,,contempt,pleasure,web,,,,,,,,
,governments,january,stops,bottom,major,,grave,feeling,alive,,,,,,,,
,reconstruction,damage,longest,pleasure,entity,,dear,guilty,kong,,,,,,,,
,trade,risky,sharp,barrel,audiences,,grip,lewis,scope,,,,,,,,
,episode,developed,discourse,feeling,brain,,seeds,why,flawless,,,,,,,,
,opaque,object,distinctive,guilty,sign,,frontal,via,fabricated,,,,,,,,
,artificial,complicated,demonstrate,miracle,buy,,virtue,perspective,forced,,,,,,,,
,borrowed,encounters,n,lewis,mile,,reginald,father,williams,,,,,,,,
,demons,equivalent,blown,bother,nerve,,familiarity,domestic,uneasy,,,,,,,,
,blank,properly,safe,via,bit,,iranian,tension,indifference,,,,,,,,
,lark,depending,discipline,perspective,pianist,,genius,results,child,,,,,,,,
,finest,gap,samuel,puts,broken,,challenge,each,revolution,,,,,,,,
,pipeline,barrels,jackson,davies,detached,,toes,doing,britney,,,,,,,,
,flow,train,aims,father,premise,,charitable,office,precisely,,,,,,,,
,abstract,barrel,sounding,domestic,lush,,tracking,box,spring,,,,,,,,
,diaries,beaches,visual,tension,ship,,deny,holiday,loneliness,,,,,,,,
,stimulating,realizing,close,results,chase,,murderous,none,maintains,,,,,,,,
,reel,sweeping,monty,office,martha,,coarse,extended,notwithstanding,,,,,,,,
,courtship,notes,assaults,box,program,,introduces,poem,sporadic,,,,,,,,
,yale,niche,moral,holiday,rapid,,orbits,events,inspirational,,,,,,,,
,gave,energy,par,none,virtually,,consequence,1989,status,,,,,,,,
,twisted,objective,realism,extended,clever,,teasing,loved,pat,,,,,,,,
,friendship,bile,novak,poem,looked,,illusion,patient,identity,,,,,,,,
,constant,remembrance,grounded,events,production,,detective,seven,jerking,,,,,,,,
,offers,named,accuracy,1989,public,,appropriate,silence,novels,,,,,,,,
,gall,relies,frank,loved,plunging,,managing,heavily,popcorn,,,,,,,,
,identification,society,democracy,prefer,pulling,,connections,maintain,russian,,,,,,,,
,connection,former,plea,patient,rug,,ripping,turned,insights,,,,,,,,
,built,conan,civic,seven,deeper,,howard,period,tensions,,,,,,,,
,retaining,commercial,place,silence,intense,,potter,tell,dong,,,,,,,,
,mainstream,neil,maturity,heavily,getting,,encourages,vietnam,pushes,,,,,,,,
,integrity,margin,spy,maintain,constantly,,alice,ages,catches,,,,,,,,
,menacing,consider,adult,turned,sides,,fabric,adventure,charismatic,,,,,,,,
,nor,net,elegance,pile,underneath,,abilities,regardless,feat,,,,,,,,
,gangs,colors,rendered,period,faithful,,godzilla,immediate,hunter,,,,,,,,
,got,stretch,devotees,efficiency,numerous,,stands,worry,hoffman,,,,,,,,
,creates,uses,episodes,tell,exaggerated,,continuing,bonus,rising,,,,,,,,
,call,degree,generation,vietnam,upon,,alan,everyone,harmless,,,,,,,,
,demonstrating,vs,bile,souls,yarn,,hinges,documentary,sweetness,,,,,,,,
,encouraging,share,faulty,hint,walk,,lips,edge,fills,,,,,,,,
,inflammatory,dare,constructed,ages,remember,,nuclear,ranks,dependent,,,,,,,,
,note,extreme,skill,adventure,bite,,markers,top,weave,,,,,,,,
,friend,decade,amused,regardless,innocence,,double,junior,uncertain,,,,,,,,
,dickens,librarian,vampire,immediate,hero,,leigh,graduated,present,,,,,,,,
,expresses,wondering,determined,worry,questionable,,partners,target,veil,,,,,,,,
,evergreen,medical,duplicate,bonus,fiction,,,test,comfort,,,,,,,,
,inactive,treatment,typical,everyone,today,,,intellectual,editing,,,,,,,,
,markedly,thousand,heavy,convince,tackles,,,must,values,,,,,,,,
,memorable,songs,fierce,documentary,sad,,,growing,strength,,,,,,,,
,workshops,opera,dance,edge,stanley,,,believes,confident,,,,,,,,
,affected,wrestling,crippled,kills,kwan,,,general,abandon,,,,,,,,
,sham,entertain,duke,ranks,versatile,,,filled,directors,,,,,,,,
,hurley,siren,lady,top,hong,,,ill,scripts,,,,,,,,
,carol,slight,tragedy,courage,me,,,dealing,com,,,,,,,,
,reassuring,household,chinese,junior,refreshing,,,mostly,richer,,,,,,,,
,intricate,households,repetitive,graduated,barker,,,mix,peter,,,,,,,,
,dollars,foreign,adventures,target,clive,,,universal,hollow,,,,,,,,
,crimes,copies,melancholy,test,motion,,,involving,list,,,,,,,,
,20th,anime,spell,intellectual,recognizable,,,efforts,sensation,,,,,,,,
,century,videos,previous,must,propelled,,,liberal,sincerity,,,,,,,,
,france,documentary,fallen,growing,presents,,,designed,utter,,,,,,,,
,destined,prevents,brutally,believes,spielberg,,,edited,wars,,,,,,,,
,griffith,effort,dose,general,trademark,,,sequence,sympathy,,,,,,,,
,psyche,bears,tolerate,filled,score,,,badly,endeavor,,,,,,,,
,misses,entertained,scandal,ill,capable,,,instead,sensual,,,,,,,,
,spin,justice,historic,dealing,masses,,,check,cerebral,,,,,,,,
,employs,smith,baroque,observations,revelations,,,dvd,diesel,,,,,,,,
,revealed,pays,packed,mostly,planet,,,consider,manners,,,,,,,,
,strangely,force,breadth,bore,mug,,,ticket,themes,,,,,,,,
,cute,exterior,hardship,mix,ethnic,,,placed,prism,,,,,,,,
,liberties,pot,poverty,suspect,stylistic,,,smart,inherently,,,,,,,,
,cheat,insights,enthusiasm,universal,layered,,,live,interested,,,,,,,,
,fisher,traditions,protagonists,involving,daring,,,context,manage,,,,,,,,
,odyssey,cultural,hour,efforts,haute,,,aware,accuse,,,,,,,,
,mcgrath,guide,kill,liberal,journey,,,1,pow,,,,,,,,
,happiness,display,head,exterior,tick,,,pull,african,,,,,,,,
,hopkins,circus,shoot,designed,spanning,,,quarter,range,,,,,,,,
,establishes,artistic,murder,edited,marina,,,ensemble,odds,,,,,,,,
,metropolis,unusually,remarkably,sequence,holly,,,truly,remake,,,,,,,,
,villain,academic,insistent,badly,degree,,,american,verve,,,,,,,,
,let,cross,nausea,instead,emerge,,,psychology,jolly,,,,,,,,
,lavish,round,survival,check,passionate,,,allows,communal,,,,,,,,
,consistently,playoff,psychological,dvd,name,,,americans,inner,,,,,,,,
,came,pickup,coherent,consider,adolescents,,,winners,spirited,,,,,,,,
,teacher,surrounding,victories,ticket,evolution,,,receive,awakening,,,,,,,,
,increasingly,madness,bizarre,placed,greater,,,rarely,fathers,,,,,,,,
,plotting,laughing,dynamics,smart,tired,,,surprised,obscure,,,,,,,,
,reduces,recycling,class,complicated,scrutiny,,,enjoyed,blade,,,,,,,,
,specimen,masculine,nonetheless,live,perhaps,,,locations,erotic,,,,,,,,
,coma,wishing,cheap,context,skin,,,introduction,uncanny,,,,,,,,
,shrill,wake,morning,deals,radiant,,,parade,finale,,,,,,,,
,sinister,attached,saturday,aware,treats,,,offer,nonsense,,,,,,,,
,aground,goofy,brightly,pull,explode,,,forcing,struggle,,,,,,,,
,painfully,driven,actor,quarter,last,,,fantasy,critical,,,,,,,,
,roberts,basketball,british,ensemble,speculation,,,result,convinced,,,,,,,,
,workshop,hence,playful,truly,kennedy,,,parts,allegedly,,,,,,,,
,grasping,fate,nicholas,painful,attempt,,,sort,blind,,,,,,,,
,resemble,vaguely,optimistic,american,soundtrack,,,sum,accept,,,,,,,,
,vigorously,structure,finds,psychology,20,,,national,embarrassment,,,,,,,,
,improvisation,fuzzy,smarter,105,load,,,reduced,crazy,,,,,,,,
,experimentation,radar,pack,allows,layers,,,factor,imaginative,,,,,,,,
,certain,flick,biggest,americans,paper,,,u,composition,,,,,,,,
,ceremonies,integrity,couple,renowned,deadly,,,released,somber,,,,,,,,
,crises,begin,against,winners,frequently,,,major,hand,,,,,,,,
,FALSE,x,measured,receive,chords,,,brain,mature,,,,,,,,
,weight,sight,plainly,rarely,sadness,,,tax,credible,,,,,,,,
,peculiar,gloss,figure,professionals,beats,,,sign,complications,,,,,,,,
,backgrounds,concert,behold,surprised,impressive,,,buy,subtly,,,,,,,,
,devices,drawings,depictions,enjoyed,king,,,mile,combines,,,,,,,,
,fundamentally,plans,murphy,locations,lola,,,strike,ballistic,,,,,,,,
,conventional,men,permits,introduction,middle,,,execution,former,,,,,,,,
,manhattan,geared,acute,parade,biography,,,bit,collapses,,,,,,,,
,rage,humor,splendid,offer,narrator,,,broken,consciousness,,,,,,,,
,skies,grandparents,host,forcing,task,,,represented,sorority,,,,,,,,
,prevents,occasionally,spirituality,marvel,impossible,,,ship,naturally,,,,,,,,
,firing,seven,treatise,fantasy,detail,,,10,neil,,,,,,,,
,testimony,albeit,absorbing,pulls,church,,,0,scores,,,,,,,,
,witnesses,drown,liberation,ally,heroine,,,chase,crafted,,,,,,,,
,revolutionary,keeping,impression,sequences,dramatically,,,program,struggled,,,,,,,,
,unlikely,enacted,stand,result,fall,,,stewart,person,,,,,,,,
,obstacles,held,childhood,parts,hugely,,,rapid,sinks,,,,,,,,
,centuries,naturally,writer,sort,grace,,,looked,madonna,,,,,,,,
,spiritual,thrilling,caine,sum,side,,,production,singer,,,,,,,,
,inspiring,law,punching,national,genuinely,,,public,rhythm,,,,,,,,
,shocking,staged,sweetheart,reduced,neither,,,destination,flawed,,,,,,,,
,studios,kurt,ultimately,collegiate,provocative,,,getting,lifts,,,,,,,,
,stunt,strikes,paced,factor,longest,,,sides,conventions,,,,,,,,
,sympathetic,immortal,reckless,released,stops,,,pulling,musical,,,,,,,,
,laboratory,stops,four,major,literally,,,intense,terror,,,,,,,,
,schemes,painted,changing,emerging,sharp,,,deeper,obviously,,,,,,,,
,consequences,lighting,thinking,entity,discourse,,,underneath,owes,,,,,,,,
,later,grandfather,chasing,audiences,reserved,,,constantly,tears,,,,,,,,
,jonathan,ball,cia,brain,distinctive,,,numerous,frightening,,,,,,,,
,critics,band,ryan,tax,demonstrate,,,upon,cultural,,,,,,,,
,paints,stark,precious,sign,makers,,,improved,trailer,,,,,,,,
,explains,minds,dead,buy,n,,,thank,morality,,,,,,,,
,competence,science,unlike,mile,blown,,,walk,elaborate,,,,,,,,
,clarity,engaged,nice,strike,safe,,,remember,spontaneous,,,,,,,,
,chuckle,entertainment,gripping,nerve,discipline,,,bite,hallmark,,,,,,,,
,ones,filmed,tunisian,execution,l,,,punishment,quietly,,,,,,,,
,deliberate,illness,startling,bit,aims,,,soon,immensely,,,,,,,,
,songs,camera,transformation,broken,visual,,,hero,amy,,,,,,,,
,uhf,intimidated,widow,pianist,close,,,fiction,distinguished,,,,,,,,
,maneuvers,draws,drawn,surgeon,assaults,,,keeps,tortured,,,,,,,,
,twists,honesty,soccer,represented,realism,,,today,gangster,,,,,,,,
,committed,race,stab,ship,novak,,,relevant,thousand,,,,,,,,
,commanding,associated,festival,10,grounded,,,sad,portrays,,,,,,,,
,tends,latter,consumed,0,social,,,hong,reign,,,,,,,,
,comprehension,truth,george,chase,accuracy,,,stanley,grin,,,,,,,,
,lust,de,french,program,democracy,,,me,myself,,,,,,,,
,dazzling,violent,goodness,stewart,maturity,,,wore,disguise,,,,,,,,
,figured,wears,wonder,martha,adult,,,motion,sane,,,,,,,,
,fabricated,spirited,devoid,rapid,contemporary,,,food,uniformly,,,,,,,,
,dismissed,festival,fatal,virtually,rendered,,,instantly,settles,,,,,,,,
,forced,preview,desperation,looked,episodes,,,ends,profound,,,,,,,,
,schmidt,blanket,glossy,production,trek,,,type,teenage,,,,,,,,
,payne,crack,exquisite,public,devotees,,,presents,inevitable,,,,,,,,
,uneasy,meaning,developed,destination,bile,,,score,boat,,,,,,,,
,indifference,mere,sketch,getting,faulty,,,capable,wallace,,,,,,,,
,revolution,classify,fully,sides,skill,,,planet,hampered,,,,,,,,
,britney,intent,r,pulling,constructed,,,machines,notion,,,,,,,,
,precisely,candy,vincent,intense,amused,,,contest,terrifying,,,,,,,,
,gear,fashioned,bollywood,deeper,scenario,,,ethnic,technical,,,,,,,,
,loneliness,updates,monsoon,underneath,vampire,,,environment,crucial,,,,,,,,
,technology,midway,devastating,constantly,bela,,,know,brand,,,,,,,,
,notwithstanding,adventure,profoundly,numerous,determined,,,journey,fearless,,,,,,,,
,inspirational,journey,homosexuality,upon,fierce,,,degree,carved,,,,,,,,
,status,landscape,recommendation,improved,dance,,,name,niche,,,,,,,,
,pat,exercise,achievements,thank,lady,,,gives,woody,,,,,,,,
,jerking,sting,bullock,walk,ah,,,enterprise,gender,,,,,,,,
,dubbed,fellow,sandra,remember,york,,,say,slack,,,,,,,,
,turkey,tool,poetic,bite,past,,,movements,shanghai,,,,,,,,
,cruelty,valuable,brilliance,punishment,chinese,,,particularly,conflict,,,,,,,,
,documented,lawn,sloppy,soon,city,,,greater,vital,,,,,,,,
,popcorn,map,sparkling,hero,repetitive,,,evolution,sweetly,,,,,,,,
,english,images,sisters,fiction,fill,,,tired,ears,,,,,,,,
,america,skins,mildly,keeps,melancholy,,,mark,brooding,,,,,,,,
,randall,kicking,lopez,today,previous,,,skin,hitting,,,,,,,,
,insights,brains,relationships,relevant,spell,,,perhaps,modest,,,,,,,,
,tensions,cellular,rae,grief,fallen,,,escape,capacity,,,,,,,,
,pushes,extent,norma,sad,drain,,,happen,shooting,,,,,,,,
,holds,units,am,hong,brutally,,,jim,connect,,,,,,,,
,eyre,scream,cannes,stanley,tolerate,,,last,thud,,,,,,,,
,spike,sink,focused,wore,baroque,,,escaped,interpretation,,,,,,,,
,examine,scale,raphael,motion,x,,,f,represents,,,,,,,,
,arguments,charismatic,relegated,food,cool,,,inspired,lyrical,,,,,,,,
,catches,boat,zealand,instantly,handled,,,techniques,exploitation,,,,,,,,
,dustin,splash,strange,ends,breadth,,,kennedy,populated,,,,,,,,
,newcomer,lunar,understands,type,vision,,,attempt,emotion,,,,,,,,
,hoffman,admission,anderson,presents,hardship,,,unsuccessful,triumph,,,,,,,,
,feat,accurate,calm,score,spite,,,soundtrack,intentionally,,,,,,,,
,charismatic,0,p,capable,evident,,,20,marvelous,,,,,,,,
,rising,trailer,wherein,planet,poverty,,,quality,combined,,,,,,,,
,hunter,employment,cops,machines,clearly,,,otherwise,recovery,,,,,,,,
,jake,chick,loyal,contest,protagonists,,,load,fascination,,,,,,,,
,harmless,placement,harry,monroe,taken,,,properties,vague,,,,,,,,
,vulnerability,valid,holm,ethnic,shoot,,,nba,cult,,,,,,,,
,sweetness,larry,ian,environment,determine,,,paper,smack,,,,,,,,
,miraculous,fare,minds,know,following,,,existed,inspiration,,,,,,,,
,adequately,widely,hearts,journey,cheese,,,frequently,relies,,,,,,,,
,dependent,identification,justice,holly,remarkably,,,king,creeping,,,,,,,,
,eerie,effect,etc,marina,topic,,,middle,spider,,,,,,,,
,uncertain,considered,dawson,degree,chosen,,,strongly,setting,,,,,,,,
,insulting,arrangements,portray,name,insistent,,,act,theories,,,,,,,,
,morally,bouquet,someone,gives,survival,,,jewish,dragged,,,,,,,,
,veil,peace,monumental,enterprise,coherent,,,combination,land,,,,,,,,
,editing,engaging,accents,say,bland,,,grandmother,warfare,,,,,,,,
,strength,divided,judd,movements,bare,,,bill,lets,,,,,,,,
,confident,stuffing,freeman,dare,jokes,,,animation,primarily,,,,,,,,
,scripts,crawl,logic,particularly,victories,,,task,delivering,,,,,,,,
,abandon,toes,morgan,greater,bizarre,,,impossible,release,,,,,,,,
,directors,tooth,zone,evolution,dynamics,,,faster,thick,,,,,,,,
,stephen,dim,attempts,tired,class,,,detail,anguish,,,,,,,,
,fact,tomorrow,grey,mark,routine,,,church,longing,,,,,,,,
,richer,youth,shadowy,skin,struggles,,,meetings,radical,,,,,,,,
,publishing,partly,generated,perhaps,race,,,creating,state,,,,,,,,
,hearst,sons,else,escape,cheap,,,fall,pony,,,,,,,,
,william,expects,graceful,happen,wanted,,,featuring,suited,,,,,,,,
,hollow,photography,season,jim,vs,,,grace,adolescent,,,,,,,,
,beginnings,followed,frontman,flame,saturday,,,side,shocks,,,,,,,,
,definitive,episode,resist,last,round,,,eastern,ego,,,,,,,,
,burning,zone,energetic,escaped,japanese,,,neither,seat,,,,,,,,
,sensation,squeeze,amusing,dug,begins,,,mean,shelf,,,,,,,,
,sincerity,amounts,obligatory,inspired,140,,,longest,martin,,,,,,,,
,unchanged,injuries,pulse,techniques,nicholas,,,literally,visuals,,,,,,,,
,portrayed,release,subconscious,kennedy,optimistic,,,stops,strikes,,,,,,,,
,groundbreaking,lawrence,cynical,attempt,finds,,,sharp,directorial,,,,,,,,
,endeavor,lane,guessing,unsuccessful,smarter,,,edges,treasure,,,,,,,,
,musicals,naked,ought,soundtrack,pack,,,dated,concern,,,,,,,,
,30,falls,stirring,20,dogs,,,desperate,thinks,,,,,,,,
,sensual,liability,struggling,quality,couple,,,n,bear,,,,,,,,
,cerebral,touches,tier,otherwise,stuck,,,week,misery,,,,,,,,
,manners,fear,flourish,twist,against,,,safe,pity,,,,,,,,
,prism,details,builds,concepts,behold,,,l,sleeve,,,,,,,,
,themes,discuss,sprawling,load,variety,,,jackson,wears,,,,,,,,
,noble,bone,scientist,properties,permits,,,samuel,intimacy,,,,,,,,
,strict,surgeon,chan,nba,acute,,,saying,evening,,,,,,,,
,inherently,drag,tender,paper,splendid,,,boy,bordering,,,,,,,,
,innocent,topic,reflection,existed,marked,,,close,logical,,,,,,,,
,betrayal,guitar,problematic,layers,host,,,visual,fairy,,,,,,,,
,panic,power,hilarious,deadly,treatise,,,moral,alabama,,,,,,,,
,did,load,fantasia,frequently,spirituality,,,social,abroad,,,,,,,,
,glued,prove,biographical,striking,absorbing,,,frank,producer,,,,,,,,
,faults,form,political,impressive,liberation,,,place,acclaim,,,,,,,,
,manage,impress,christian,king,selection,,,democracy,assurance,,,,,,,,
,accuse,afterwards,underwater,middle,impression,,,island,disguised,,,,,,,,
,wants,mental,triangle,strongly,stand,,,contemporary,spears,,,,,,,,
,african,cast,bermuda,act,perfectly,,,adult,emerges,,,,,,,,
,range,hardware,drowned,jewish,childhood,,,dreams,smash,,,,,,,,
,odds,remotely,leon,combination,qualities,,,kevin,tales,,,,,,,,
,remake,jews,novel,grandmother,writer,,,episodes,deaths,,,,,,,,
,verve,ending,monster,biography,caine,,,generation,bump,,,,,,,,
,bleed,rhythm,satirical,bill,punching,,,khan,vastly,,,,,,,,
,rise,pardon,pained,animation,michael,,,semi,espionage,,,,,,,,
,broadway,fashion,equivalent,task,sweetheart,,,truck,yu,,,,,,,,
,jolly,subtle,wound,impossible,dynamic,,,grows,lan,,,,,,,,
,occupation,fuss,staring,faster,ultimately,,,constructed,age,,,,,,,,
,german,sewing,bracing,detail,moved,,,impressed,understanding,,,,,,,,
,spirited,sudden,secrets,church,reckless,,,determined,alien,,,,,,,,
,awakening,characterization,truth,meetings,begin,,,vampire,oliver,,,,,,,,
,fathers,references,singular,creating,agent,,,heavy,irresistible,,,,,,,,
,obscure,volumes,motives,fall,thinking,,,typical,dressed,,,,,,,,
,survivors,achieve,substance,featuring,falls,,,disaster,operative,,,,,,,,
,impacts,sharp,drains,grace,precious,,,dance,exposition,,,,,,,,
,blade,worry,barrels,side,quickly,,,lady,losing,,,,,,,,
,shock,brush,sexy,eastern,strain,,,duke,chemistry,,,,,,,,
,erotic,follow,smoking,neither,gripping,,,city,ralph,,,,,,,,
,arrangements,invest,lock,mean,startling,,,york,crisp,,,,,,,,
,uncanny,pressed,professor,longest,tunisian,,,past,bruce,,,,,,,,
,mann,tools,magnetic,literally,transformation,,,chinese,slap,,,,,,,,
,cultivation,nose,honor,stops,drawn,,,replace,numbers,,,,,,,,
,devotion,layers,barney,sharp,belly,,,ah,nation,,,,,,,,
,access,thoughts,legacy,edges,widow,,,providing,illuminating,,,,,,,,
,godfrey,manners,lunatic,distinctive,soccer,,,fill,considering,,,,,,,,
,slim,sword,monstrous,reserved,stab,,,adventures,measure,,,,,,,,
,zipper,dentist,inherent,dated,festival,,,news,shining,,,,,,,,
,reflective,lingering,mixture,desperate,terry,,,previous,static,,,,,,,,
,journalism,teeth,redemption,week,george,,,fallen,photographed,,,,,,,,
,threat,singer,ghosts,safe,french,,,spell,arbitrary,,,,,,,,
,expense,chilly,painted,discipline,spotlight,,,historic,sees,,,,,,,,
,nonsense,released,praises,jackson,devoid,,,x,accurate,,,,,,,,
,snaps,physical,destiny,samuel,fatal,,,cool,jackie,,,,,,,,
,critical,healing,ecological,saying,desperation,,,except,daytime,,,,,,,,
,convinced,ode,suitable,boy,glossy,,,upper,knowing,,,,,,,,
,tens,violence,message,aims,fully,,,vision,pink,,,,,,,,
,teach,manages,delicate,sounding,r,,,clearly,derived,,,,,,,,
,eye,grand,sociological,close,bollywood,,,poverty,proceedings,,,,,,,,
,blind,windshield,commentary,visual,devastating,,,head,lawrence,,,,,,,,
,adherents,gas,innovation,moral,wake,,,order,51,,,,,,,,
,trombone,harder,mckay,social,profoundly,,,taken,similarly,,,,,,,,
,possess,jones,glaring,frank,homosexuality,,,kill,honesty,,,,,,,,
,embarrassment,covers,embarrassed,place,achievements,,,hour,traditions,,,,,,,,
,rotten,pony,violent,democracy,poetic,,,shoot,merits,,,,,,,,
,adjective,pleasing,vulgar,civic,brilliance,,,determine,dreadful,,,,,,,,
,applies,intended,mill,island,sparkling,,,following,approaches,,,,,,,,
,grandfather,beauty,spies,contemporary,sloppy,,,murder,effortlessly,,,,,,,,
,strained,bitten,pokemon,adult,sisters,,,matthew,dinner,,,,,,,,
,imaginative,necessary,somewhat,dreams,lopez,,,chosen,analyze,,,,,,,,
,digest,epic,allen,spy,quiet,,,survival,visionary,,,,,,,,
,mounting,elaborate,breathe,kevin,rae,,,exist,dangerous,,,,,,,,
,composition,jersey,went,episodes,baffled,,,bones,toilet,,,,,,,,
,somber,delivering,finely,generation,am,,,bare,arresting,,,,,,,,
,credible,denying,straight,khan,cannes,,,police,transparent,,,,,,,,
,mature,distract,light,semi,focused,,,class,jennifer,,,,,,,,
,ensuing,viewing,incorporates,truck,raphael,,,race,superior,,,,,,,,
,complications,steam,transporting,grows,relegated,,,tiger,album,,,,,,,,
,house,sanity,li,constructed,philadelphia,,,started,sensitivity,,,,,,,,
,commerce,romance,gong,impressed,strange,,,wanted,muddy,,,,,,,,
,subtly,silent,moore,skill,calm,,,hanging,precision,,,,,,,,
,ballistic,skills,starting,determined,possible,,,starring,charms,,,,,,,,
,waltz,skill,diaz,vampire,rises,,,vs,condition,,,,,,,,
,provoke,noteworthy,rank,accent,wherein,,,round,fool,,,,,,,,
,folds,scares,belongs,heavy,cops,,,morning,underlying,,,,,,,,
,collapses,del,jacques,typical,holm,,,japanese,simultaneously,,,,,,,,
,consciousness,touched,diversion,rolls,ian,,,names,pencil,,,,,,,,
,conceptual,comedy,freaks,disaster,minds,,,saturday,defiance,,,,,,,,
,devote,design,legged,dance,heads,,,begins,profile,,,,,,,,
,steady,streamlined,pitch,fierce,justice,,,fell,chief,,,,,,,,
,puzzle,sacrifice,bonds,lady,etc,,,british,roberto,,,,,,,,
,sorority,obstacles,linger,duke,dawson,,,actor,atmospheric,,,,,,,,
,naturally,bewildered,anatomical,city,portray,,,nevertheless,finding,,,,,,,,
,corpse,attempts,rely,york,someone,,,coming,accurately,,,,,,,,
,siege,sticks,elegant,past,forget,,,finds,succeed,,,,,,,,
,gravity,tends,barely,chinese,responsibilities,,,nicholas,83,,,,,,,,
,popular,reflect,registering,replace,monumental,,,pack,swallow,,,,,,,,
,climax,earn,majors,ah,achievement,,,dogs,reminder,,,,,,,,
,damage,project,governments,providing,accents,,,biggest,resembling,,,,,,,,
,jealousy,joy,reconstruction,fill,judd,,,couple,sink,,,,,,,,
,christopher,functions,fight,adventures,freeman,,,stuck,detailed,,,,,,,,
,classify,banquet,god,news,morgan,,,against,glimpse,,,,,,,,
,warrior,newcomers,memorial,previous,robin,,,measured,loser,,,,,,,,
,proud,glued,kramer,fallen,laughing,,,members,politically,,,,,,,,
,autobiographical,clever,episode,spell,attempts,,,figure,lodging,,,,,,,,
,crafted,mildly,opaque,historic,grey,,,variety,anonymous,,,,,,,,
,convention,enables,artificial,scandal,shadowy,,,aged,harvard,,,,,,,,
,aging,fu,pair,cool,generated,,,eddie,gently,,,,,,,,
,urgently,frames,demons,packed,lighting,,,murphy,endurance,,,,,,,,
,gasping,punch,blank,except,graceful,,,host,tightened,,,,,,,,
,workings,passion,lark,handled,frantic,,,marked,ambition,,,,,,,,
,heightened,personalities,faces,upper,expression,,,door,gel,,,,,,,,
,virtues,records,pipeline,vision,frontman,,,liberation,roles,,,,,,,,
,15,remaining,hitch,clearly,energetic,,,credited,executed,,,,,,,,
,cameo,sympathy,flow,poverty,resist,,,selection,excess,,,,,,,,
,abyss,mechanical,abstract,spite,array,,,stand,peek,,,,,,,,
,depression,successes,diaries,head,pulse,,,childhood,protagonist,,,,,,,,
,sinks,span,stimulating,order,meat,,,perfectly,weary,,,,,,,,
,eroded,arguments,paul,taken,subconscious,,,attitude,sub,,,,,,,,
,flawed,stealing,jones,kill,pressed,,,writer,despair,,,,,,,,
,comprehend,circle,courtship,hour,hungry,,,michael,goth,,,,,,,,
,lifts,pale,reel,shoot,knock,,,stomach,showtime,,,,,,,,
,regain,tendency,yale,determine,excited,,,moved,lower,,,,,,,,
,manipulation,12th,twisted,following,ought,,,ultimately,screenwriter,,,,,,,,
,optimism,pit,friendship,murder,stirring,,,uh,singing,,,,,,,,
,hughes,occasional,bond,matthew,struggling,,,four,lifeless,,,,,,,,
,elder,slope,constant,cheese,tier,,,begin,alternately,,,,,,,,
,musical,wholly,leads,chosen,flourish,,,jack,depiction,,,,,,,,
,terror,breaks,identification,topic,touched,,,thinking,fide,,,,,,,,
,intentions,promises,built,survival,fit,,,helped,born,,,,,,,,
,owes,marks,hotels,psychological,chan,,,agent,victim,,,,,,,,
,genesis,committed,smaller,exist,witnessed,,,falls,paxton,,,,,,,,
,naval,shaky,retaining,bones,pointed,,,ryan,seriousness,,,,,,,,
,tears,shoulders,mainstream,bare,tender,,,changing,strokes,,,,,,,,
,chamber,rae,menacing,victories,reflection,,,dead,vin,,,,,,,,
,frightening,surprising,bears,police,problematic,,,quickly,flesh,,,,,,,,
,cultural,lee,spent,class,hilarious,,,unlike,winds,,,,,,,,
,shorter,performing,gangs,routine,biographical,,,ease,monsters,,,,,,,,
,amid,emotionally,got,race,fantasia,,,nice,rally,,,,,,,,
,trailer,broadcast,creates,nonetheless,political,,,drawn,suffer,,,,,,,,
,morality,proposal,demonstrating,tiger,indoor,,,dancing,generating,,,,,,,,
,refuses,turning,encouraging,cheap,sacrifice,,,belly,dimensions,,,,,,,,
,futuristic,blockbuster,note,started,triangle,,,widow,silver,,,,,,,,
,autopsy,talent,friend,wanted,underwater,,,soccer,revenge,,,,,,,,
,coke,moore,chris,hanging,ocean,,,festival,cheek,,,,,,,,
,pit,expressions,creativity,starring,somewhere,,,george,ham,,,,,,,,
,bravery,ripe,columbus,vs,atlantic,,,ray,references,,,,,,,,
,circuit,stone,dickens,round,bermuda,,,billy,junk,,,,,,,,
,minnie,parade,expresses,morning,below,,,terry,richly,,,,,,,,
,sell,practiced,evergreen,japanese,leon,,,properly,directs,,,,,,,,
,wig,concentration,basic,names,novel,,,totally,paranoia,,,,,,,,
,spontaneous,teacher,markedly,saturday,during,,,tried,stays,,,,,,,,
,swept,copy,inactive,begins,monster,,,french,clown,,,,,,,,
,phone,bear,memorable,fell,satirical,,,wonder,violently,,,,,,,,
,hallmark,switch,affected,british,pained,,,developed,wonders,,,,,,,,
,lad,string,practitioners,actor,bracing,,,fully,delicately,,,,,,,,
,quietly,device,foundation,nevertheless,truth,,,waters,media,,,,,,,,
,peak,diver,relative,140,minor,,,todd,expressive,,,,,,,,
,savage,martin,herring,coming,singular,,,r,successor,,,,,,,,
,aggressively,awarded,surroundings,finds,motives,,,vincent,rewards,,,,,,,,
,submerged,86,hurley,nicholas,substance,,,charlotte,hack,,,,,,,,
,philosophy,imaginative,violated,pack,drains,,,qualify,notorious,,,,,,,,
,hell,expense,pastry,dogs,sexy,,,followed,teens,,,,,,,,
,86,profound,objective,biggest,barrels,,,wake,guaranteed,,,,,,,,
,handling,economic,reassuring,couple,stock,,,nelson,inclination,,,,,,,,
,participant,stimulus,sung,stuck,smoking,,,desire,cartoon,,,,,,,,
,spectator,expectation,carol,measured,magnetic,,,possibility,unconventional,,,,,,,,
,rushed,technology,intricate,practically,landmark,,,argument,due,,,,,,,,
,immensely,themes,product,members,barney,,,sisters,gut,,,,,,,,
,curiosity,brushes,crimes,figure,lunatic,,,quiet,explores,,,,,,,,
,technological,instrument,france,variety,monstrous,,,relationships,instincts,,,,,,,,
,concentrating,trumpet,20th,aged,inviting,,,am,expects,,,,,,,,
,retaliation,ed,destined,eddie,inherent,,,focused,lanes,,,,,,,,
,print,accurately,griffith,murphy,mixture,,,forward,heroic,,,,,,,,
,copy,humanity,glorious,host,potential,,,philadelphia,award,,,,,,,,
,depict,warmed,misses,marked,redemption,,,relegated,parker,,,,,,,,
,homosexual,recovery,recipe,door,swinging,,,atmosphere,rouge,,,,,,,,
,mad,intentionally,bags,liberation,praises,,,jesse,store,,,,,,,,
,wise,clarity,employs,credited,ecological,,,zealand,pre,,,,,,,,
,anime,astonishing,suit,selection,delicate,,,strange,scratch,,,,,,,,
,accused,league,strangely,impression,message,,,p,formed,,,,,,,,
,distinguished,washed,ordinary,stand,sociological,,,knew,intro,,,,,,,,
,tortured,translate,cute,childhood,commentary,,,possible,verbal,,,,,,,,
,projectile,teenage,tricks,perfectly,teenagers,,,daily,mid,,,,,,,,
,gangster,deserves,performing,attitude,mckay,,,anderson,discovery,,,,,,,,
,seizing,panic,liberties,writer,notice,,,calm,sci,,,,,,,,
,portrays,philosophy,cheat,michael,embarrassed,,,harry,wilde,,,,,,,,
,reign,ne,indie,stomach,apparently,,,ian,empowerment,,,,,,,,
,grin,voting,ethics,moved,vulgar,,,talking,powers,,,,,,,,
,marry,promotion,fisher,ultimately,mill,,,justice,circumstances,,,,,,,,
,wang,patch,mcgrath,dynamic,spies,,,etc,universe,,,,,,,,
,corrupt,butt,odyssey,uh,pokemon,,,heads,damaged,,,,,,,,
,disguise,million,hopkins,four,breathe,,,someone,teeth,,,,,,,,
,surrender,aspect,collision,begin,allen,,,hired,determination,,,,,,,,
,settles,numbers,establishes,jack,straight,,,forget,minded,,,,,,,,
,compressed,portrayal,durable,thinking,light,,,alone,fashioned,,,,,,,,
,profound,agenda,metropolis,helped,incorporates,,,achievement,ball,,,,,,,,
,catalyst,cage,colored,agent,dying,,,96,eventual,,,,,,,,
,restrictive,allowing,seriously,falls,transporting,,,morgan,glass,,,,,,,,
,chaotic,political,villain,ryan,gong,,,robin,curious,,,,,,,,
,dubious,roman,lavish,changing,personality,,,smith,consciously,,,,,,,,
,cheer,relegated,let,cia,li,,,laughing,dimensional,,,,,,,,
,several,puddle,places,precious,starting,,,zone,iranian,,,,,,,,
,maze,ways,discovering,dead,moore,,,grey,davis,,,,,,,,
,secretary,slightest,teacher,quickly,diaz,,,attempts,guilt,,,,,,,,
,stepmother,races,increasingly,unlike,jacques,,,else,throat,,,,,,,,
,boat,bull,plotting,ease,known,,,rain,marshall,,,,,,,,
,13th,horse,reduces,nice,belongs,,,generated,sword,,,,,,,,
,incarnation,tension,specimen,drawn,rank,,,lighting,self,,,,,,,,
,inevitable,soccer,worked,dancing,country,,,season,fragile,,,,,,,,
,meets,hug,development,belly,diversion,,,expression,,,,,,,,,
,indians,loses,visit,widow,eight,,,happy,,,,,,,,,
,friday,wounds,inspire,transformation,bonds,,,lifted,,,,,,,,,
,distinguishing,saddle,shrill,soccer,linger,,,pressed,,,,,,,,,
,wallace,seek,sinister,festival,b,,,meat,,,,,,,,,
,transparency,hide,seconds,george,address,,,legs,,,,,,,,,
,hampered,payne,aground,ray,anatomical,,,hungry,,,,,,,,,
,notion,respectively,painfully,billy,rely,,,beer,,,,,,,,,
,animals,chew,roberts,terry,elegant,,,knock,,,,,,,,,
,possesses,stages,workshop,desired,barely,,,excited,,,,,,,,,
,proficiency,breathe,grasping,properly,registering,,,cattle,,,,,,,,,
,crucial,deeply,resemble,totally,majors,,,1970s,,,,,,,,,
,professors,modest,vigorously,tried,governments,,,tier,,,,,,,,,
,immature,mature,grabs,french,lie,,,scientist,,,,,,,,,
,contradiction,morals,duration,wonder,reconstruction,,,rocket,,,,,,,,,
,searing,mormon,experimentation,developed,glory,,,touched,,,,,,,,,
,lifetime,anticipated,improvisation,fully,fight,,,fit,,,,,,,,,
,desirable,highlight,certain,waters,god,,,99,,,,,,,,,
,fearless,presence,ceremonies,todd,floating,,,pointed,,,,,,,,,
,niche,essence,crises,vincent,memorial,,,political,,,,,,,,,
,overly,gallo,FALSE,charlotte,kramer,,,christian,,,,,,,,,
,woody,spontaneous,forged,reasonable,guest,,,indoor,,,,,,,,,
,slump,susan,weight,qualify,plays,,,corruption,,,,,,,,,
,sophomore,timing,angelina,nationwide,creek,,,below,,,,,,,,,
,beaten,collision,devices,followed,fast,,,ocean,,,,,,,,,
,necessarily,father,psychedelic,wake,asleep,,,atlantic,,,,,,,,,
,tug,measured,fundamentally,healing,company,,,northwest,,,,,,,,,
,slack,values,conventional,nelson,opaque,,,somewhere,,,,,,,,,
,shanghai,absent,manhattan,desire,pair,,,net,,,,,,,,,
,70s,closely,exactly,possibility,mountain,,,ghost,,,,,,,,,
,prophet,conversations,skies,argument,borrowed,,,leon,,,,,,,,,
,larger,neck,prevents,sisters,voice,,,novel,,,,,,,,,
,conflict,coordinated,firing,quiet,demons,,,during,,,,,,,,,
,vital,companion,testimony,lopez,blank,,,eat,,,,,,,,,
,enthusiastic,inspire,legal,relationships,lark,,,monster,,,,,,,,,
,recalls,entry,revolutionary,focused,pipeline,,,staring,,,,,,,,,
,classics,elephant,chance,forward,hitch,,,equivalent,,,,,,,,,
,sweetly,exposure,air,philadelphia,abstract,,,wound,,,,,,,,,
,infectious,merge,obstacles,relegated,diaries,,,truth,,,,,,,,,
,brooding,twin,outcome,atmosphere,needed,,,divine,,,,,,,,,
,modest,shallow,moment,jesse,courtship,,,secrets,,,,,,,,,
,superhuman,excitement,centuries,sally,reel,,,minor,,,,,,,,,
,withstand,kenneth,spiritual,zealand,yale,,,shake,,,,,,,,,
,shooting,muscles,truths,strange,twisted,,,boots,,,,,,,,,
,mundane,handsome,inspiring,knew,bond,,,stock,,,,,,,,,
,wave,hong,stunt,possible,constant,,,lock,,,,,,,,,
,conspicuous,escapes,laboratory,daily,gall,,,beast,,,,,,,,,
,weaponry,loose,schemes,anderson,leads,,,sexy,,,,,,,,,
,toss,detailed,consequences,calm,identification,,,professor,,,,,,,,,
,imaginary,appealing,tendencies,rises,connection,,,graham,,,,,,,,,
,crosses,image,left,harry,balanced,,,honor,,,,,,,,,
,exploring,surprises,swift,loyal,built,,,evil,,,,,,,,,
,definitions,cinema,critics,ian,hotels,,,potential,,,,,,,,,
,thud,director,paints,hearts,compromise,,,painted,,,,,,,,,
,interpretation,observation,competence,minds,retaining,,,intended,,,,,,,,,
,lyrical,perception,clarity,talking,cut,,,trees,,,,,,,,,
,blockbuster,verbal,visually,justice,mainstream,,,definitely,,,,,,,,,
,exploitation,warmth,chuckle,etc,charge,,,message,,,,,,,,,
,populated,inflammatory,drug,heads,menacing,,,balance,,,,,,,,,
,emotion,internal,david,someone,bears,,,suitable,,,,,,,,,
,purge,career,songs,hired,spent,,,magic,,,,,,,,,
,triumph,glory,uhf,deemed,nor,,,apparently,,,,,,,,,
,marvelous,restraint,text,forget,got,,,notice,,,,,,,,,
,shifted,song,dodge,alone,creates,,,device,,,,,,,,,
,wesley,fabricated,maneuvers,achievement,demonstrating,,,hoping,,,,,,,,,
,shu,subject,played,96,encouraging,,,rush,,,,,,,,,
,proposes,benefit,case,morgan,la,,,violent,,,,,,,,,
,mistress,studied,commanding,logic,note,,,mill,,,,,,,,,
,breakthrough,suggesting,tends,ashley,dickens,,,claims,,,,,,,,,
,television,curious,comprehension,robin,evergreen,,,crowd,,,,,,,,,
,assumes,lewis,staged,smith,expresses,,,allen,,,,,,,,,
,unmistakable,carved,dazzling,laughing,basic,,,somewhat,,,,,,,,,
,capture,tract,web,zone,inactive,,,breathe,,,,,,,,,
,penetrating,observations,alive,grey,memorable,,,went,,,,,,,,,
,fascination,pages,scope,attempts,sham,,,straight,,,,,,,,,
,operational,television,brit,else,affected,,,light,,,,,,,,,
,vague,slap,fabricated,rain,nail,,,aside,,,,,,,,,
,cult,pitched,dismissed,generated,practitioners,,,dying,,,,,,,,,
,undone,evans,forced,lighting,foundation,,,retail,,,,,,,,,
,heard,effectiveness,williams,season,herring,,,clerk,,,,,,,,,
,inspiration,lifetime,schmidt,expression,elizabeth,,,contrast,,,,,,,,,
,nicholson,remote,uneasy,resist,intricate,,,li,,,,,,,,,
,awareness,beast,payne,happy,goals,,,personality,,,,,,,,,
,mortal,2000,source,array,project,,,starting,,,,,,,,,
,intent,describes,indifference,pulse,italian,,,conversation,,,,,,,,,
,creeping,sheer,towards,lifted,20th,,,moore,,,,,,,,,
,swear,waking,revolution,pressed,crimes,,,holding,,,,,,,,,
,invasion,gravity,compared,meat,france,,,known,,,,,,,,,
,bursts,critical,precisely,legs,destined,,,country,,,,,,,,,
,distinctly,bearing,loneliness,hungry,competent,,,rank,,,,,,,,,
,bliss,goo,technology,attract,griffith,,,jacques,,,,,,,,,
,vietnamese,noticing,comparison,beer,w,,,belongs,,,,,,,,,
,thousands,apparatus,notwithstanding,knock,glorious,,,eight,,,,,,,,,
,theories,discomfort,maintains,excited,fan,,,pitch,,,,,,,,,
,ominous,shepard,sporadic,cattle,opportunity,,,ended,,,,,,,,,
,earthly,render,inspirational,struggling,recipe,,,simple,,,,,,,,,
,myers,compassion,pat,1970s,spin,,,b,,,,,,,,,
,variant,vigorously,status,tier,bags,,,address,,,,,,,,,
,publicity,j,identity,scientist,suit,,,barely,,,,,,,,,
,counterparts,fiddle,corpus,rocket,ordinary,,,radar,,,,,,,,,
,schizophrenia,potentially,jerking,touched,strangely,,,lie,,,,,,,,,
,captured,accuse,dubbed,fit,performing,,,governments,,,,,,,,,
,equal,digital,constraints,99,kick,,,fight,,,,,,,,,
,handful,mixes,effect,chan,indie,,,god,,,,,,,,,
,sara,scoring,novels,witnessed,fisher,,,center,,,,,,,,,
,realizing,creativity,essence,pointed,odyssey,,,trade,,,,,,,,,
,warfare,professionals,cruelty,tender,focus,,,memorial,,,,,,,,,
,lets,instances,documented,reflection,hopkins,,,behavior,,,,,,,,,
,primarily,material,expected,political,acceptable,,,appearance,,,,,,,,,
,brendan,silly,popcorn,christian,occasionally,,,guest,,,,,,,,,
,tuned,success,croatia,indoor,establishes,,,episode,,,,,,,,,
,vehicle,yielded,russian,corruption,metropolis,,,plays,,,,,,,,,
,raises,beaten,america,sacrifice,villain,,,creek,,,,,,,,,
,delivering,mothers,english,ocean,hair,,,fast,,,,,,,,,
,brink,distant,word,atlantic,let,,,asleep,,,,,,,,,
,thick,breach,randall,northwest,slightly,,,forest,,,,,,,,,
,anguish,experimental,tensions,somewhere,discovering,,,company,,,,,,,,,
,elusive,substitute,dong,net,teacher,,,pair,,,,,,,,,
,longing,brain,insights,ghost,trick,,,mountain,,,,,,,,,
,unbearable,sweat,pushes,triangle,increasingly,,,voice,,,,,,,,,
,radical,giants,eyre,leon,plotting,,,driven,,,,,,,,,
,undergo,emerges,spike,novel,served,,,dual,,,,,,,,,
,personalities,performers,party,rent,specimen,,,faces,,,,,,,,,
,sterling,bow,catches,eat,usually,,,flow,,,,,,,,,
,thrusts,battle,hoffman,monster,dread,,,paul,,,,,,,,,
,backbone,positively,newcomer,staring,five,,,needed,,,,,,,,,
,1993,allegedly,charismatic,equivalent,worked,,,jones,,,,,,,,,
,courageous,vision,hunter,wound,inadvertently,,,participation,,,,,,,,,
,allegiance,paths,feat,truth,inspire,,,smell,,,,,,,,,
,orchard,burr,third,divine,shrill,,,gave,,,,,,,,,
,state,united,harmless,secrets,sinister,,,previously,,,,,,,,,
,pony,belgium,vulnerability,minor,seconds,,,grew,,,,,,,,,
,streamlined,taps,sweetness,shake,aground,,,twisted,,,,,,,,,
,backlash,meetings,adequately,boots,phrase,,,friendship,,,,,,,,,
,prominently,signals,fills,substance,roberts,,,demand,,,,,,,,,
,exceeds,spreads,sack,stock,julia,,,bond,,,,,,,,,
,immersed,reef,dependent,lock,workshop,,,constant,,,,,,,,,
,imagery,task,weave,beast,resemble,,,offers,,,,,,,,,
,duck,smash,uncertain,sexy,duration,,,leads,,,,,,,,,
,vaguely,leads,battle,smoking,vigorously,,,connection,,,,,,,,,
,intersect,13th,dreamed,professor,lonely,,,built,,,,,,,,,
,ethical,nemesis,insulting,legendary,experimentation,,,lots,,,,,,,,,
,shimmering,stacked,morally,graham,improvisation,,,smaller,,,,,,,,,
,pitted,tie,shine,magnetic,realize,,,cut,,,,,,,,,
,painting,finely,latest,honor,crises,,,mainstream,,,,,,,,,
,shocks,conflict,comedian,landmark,ceremonies,,,charge,,,,,,,,,
,adolescent,resorts,racist,legacy,separate,,,river,,,,,,,,,
,bouts,canvas,song,evil,structure,,,experiences,,,,,,,,,
,ego,spy,editing,potential,forged,,,bears,,,,,,,,,
,marine,hearts,strength,mixture,weight,,,spent,,,,,,,,,
,padded,symbolic,confident,painted,peculiar,,,existing,,,,,,,,,
,propaganda,distinctions,cutting,intended,angelina,,,photos,,,,,,,,,
,seat,stray,scripts,trees,conventional,,,nor,,,,,,,,,
,shelf,championship,abandon,definitely,manhattan,,,got,,,,,,,,,
,visuals,courageous,operates,message,skies,,,call,,,,,,,,,
,majestic,lesson,stephen,balance,9,,,la,,,,,,,,,
,strikes,evolve,richer,suitable,firing,,,marks,,,,,,,,,
,empire,role,randolph,delicate,testimony,,,note,,,,,,,,,
,directorial,careers,publishing,magic,witnesses,,,friend,,,,,,,,,
,treasure,maid,hearst,commentary,event,,,chris,,,,,,,,,
,lifelong,brief,welles,meal,revolutionary,,,basic,,,,,,,,,
,concern,serial,william,innovation,chance,,,affected,,,,,,,,,
,puppets,protect,wicked,apparently,air,,,practice,,,,,,,,,
,bear,dramas,hollow,notice,obstacles,,,ancient,,,,,,,,,
,advantage,notable,beginnings,device,centuries,,,foundation,,,,,,,,,
,futile,understands,tops,hoping,spiritual,,,relative,,,,,,,,,
,happens,molly,burning,rush,truths,,,remove,,,,,,,,,
,misery,rainbow,sincerity,violent,stages,,,elizabeth,,,,,,,,,
,willingness,imply,sympathy,mill,studios,,,objective,,,,,,,,,
,pity,jagged,unchanged,claims,invest,,,sung,,,,,,,,,
,campus,acute,portrayed,crowd,laboratory,,,product,,,,,,,,,
,bertrand,cannon,groundbreaking,allen,schemes,,,goals,,,,,,,,,
,sleeve,efforts,endeavor,somewhat,concerned,,,project,,,,,,,,,
,wears,trace,spectacular,breathe,left,,,dollars,,,,,,,,,
,conduct,1993,musicals,went,tendencies,,,elsewhere,,,,,,,,,
,intimacy,manufactured,30,straight,swift,,,italian,,,,,,,,,
,sermon,humidity,sensual,light,critics,,,century,,,,,,,,,
,kiss,aesthetic,updated,aside,remaining,,,france,,,,,,,,,
,continuation,voices,cerebral,dying,falling,,,20th,,,,,,,,,
,sentiments,sung,diesel,retail,paints,,,crimes,,,,,,,,,
,alabama,bid,forwards,clerk,clarity,,,shopping,,,,,,,,,
,blonde,projects,prism,contrast,signs,,,mall,,,,,,,,,
,producer,intern,themes,li,visually,,,w,,,,,,,,,
,estranged,denial,strands,personality,adequate,,,silent,,,,,,,,,
,incapable,zipper,inherently,starting,chuckle,,,series,,,,,,,,,
,acclaim,adams,innocent,conversation,deliberate,,,fan,,,,,,,,,
,assurance,detailing,betrayal,moore,uhf,,,opportunity,,,,,,,,,
,famine,pretend,panic,bowling,wallet,,,spin,,,,,,,,,
,disguised,gasping,interested,holding,maneuvers,,,allow,,,,,,,,,
,impact,boots,glued,known,played,,,suit,,,,,,,,,
,troubled,relentless,manage,country,twists,,,leading,,,,,,,,,
,sly,clips,accuse,rank,benefit,,,revealed,,,,,,,,,
,spears,spell,kung,jacques,committed,,,ordinary,,,,,,,,,
,emerges,creatures,pow,belongs,commanding,,,brought,,,,,,,,,
,expands,novels,wants,eight,presence,,,assembly,,,,,,,,,
,smash,levels,sick,pitch,comprehension,,,performing,,,,,,,,,
,tales,von,african,bonds,staged,,,kick,,,,,,,,,
,deaths,dough,odds,ended,dazzling,,,talked,,,,,,,,,
,cannon,column,verve,simple,spinning,,,animal,,,,,,,,,
,careers,sack,rise,address,kong,,,club,,,,,,,,,
,titus,fellowship,jolly,signature,brit,,,focus,,,,,,,,,
,undo,sands,communal,barely,fabricated,,,occasionally,,,,,,,,,
,vastly,surroundings,broadway,radar,forced,,,james,,,,,,,,,
,espionage,bridge,occupation,lie,dismissed,,,picked,,,,,,,,,
,lan,wholesale,inner,governments,payne,,,colored,,,,,,,,,
,refugees,bai,distracting,reconstruction,schmidt,,,seriously,,,,,,,,,
,import,lens,cares,glory,uneasy,,,let,,,,,,,,,
,alien,abandoned,spirited,fight,source,,,hair,,,,,,,,,
,careful,nba,awakening,god,indifference,,,slightly,,,,,,,,,
,coughed,boost,obscure,floating,tim,,,ignored,,,,,,,,,
,varying,balancing,fathers,center,revolution,,,came,,,,,,,,,
,hooks,mounting,survivors,trade,precisely,,,places,,,,,,,,,
,carries,influenced,impacts,memorial,stalls,,,piano,,,,,,,,,
,oliver,sterling,blade,behavior,gear,,,teacher,,,,,,,,,
,lens,mill,wear,appearance,huge,,,trick,,,,,,,,,
,irresistible,apollo,erotic,guest,loneliness,,,increasingly,,,,,,,,,
,hussein,translation,uncanny,episode,search,,,features,,,,,,,,,
,saddam,boasts,mann,plays,disappointing,,,served,,,,,,,,,
,operative,chamber,cultivation,creek,notwithstanding,,,usually,,,,,,,,,
,irrational,poking,readily,fast,maintains,,,five,,,,,,,,,
,eyelids,alternately,devotion,asleep,pop,,,worked,,,,,,,,,
,exposition,unknown,access,forest,inspirational,,,development,,,,,,,,,
,losing,ironic,raised,company,pat,,,minute,,,,,,,,,
,incorporate,communal,godfrey,artificial,corpus,,,visit,,,,,,,,,
,chemistry,holmes,abandoned,pair,jerking,,,seconds,,,,,,,,,
,concludes,signing,slim,mountain,dubbed,,,phrase,,,,,,,,,
,tremble,convince,introducing,voice,visible,,,julia,,,,,,,,,
,gibson,yearning,rode,demons,pathetic,,,roberts,,,,,,,,,
,control,relevant,zipper,blank,conditioning,,,certain,,,,,,,,,
,willis,operative,journalism,driven,outside,,,realize,,,,,,,,,
,creators,gradually,threat,dual,effect,,,separate,,,,,,,,,
,slap,raise,expense,hybrid,essence,,,FALSE,,,,,,,,,
,wrestling,hop,nonsense,faces,translating,,,structure,,,,,,,,,
,doomed,drains,snaps,flow,turkey,,,weight,,,,,,,,,
,weep,emphasis,struggle,paul,prior,,,devices,,,,,,,,,
,norton,wisdom,critical,abstract,hang,,,conventional,,,,,,,,,
,edward,slapping,convinced,needed,documented,,,manhattan,,,,,,,,,
,illuminating,ace,lucky,jones,expected,,,rage,,,,,,,,,
,camouflage,grain,eye,participation,popcorn,,,exactly,,,,,,,,,
,jonah,stein,adherents,smell,croatia,,,9,,,,,,,,,
,freud,borrowed,trombone,gave,word,,,firing,,,,,,,,,
,shining,suffers,possess,previously,america,,,research,,,,,,,,,
,static,loosely,crawl,yale,randall,,,market,,,,,,,,,
,photographed,funeral,embarrassment,grew,tensions,,,legal,,,,,,,,,
,mendes,haul,shorts,twisted,insights,,,event,,,,,,,,,
,unprecedented,shirley,unrelated,friendship,dong,,,account,,,,,,,,,
,battlefield,rosario,strained,demand,pushes,,,revolutionary,,,,,,,,,
,drawing,singh,uncomfortably,bond,families,,,chance,,,,,,,,,
,absorb,noir,disappointment,constant,holds,,,air,,,,,,,,,
,arbitrary,abyss,deliver,offers,eyre,,,moment,,,,,,,,,
,darkly,depths,figures,leads,lee,,,pages,,,,,,,,,
,enters,flush,imaginative,connection,she,,,centuries,,,,,,,,,
,accurate,revealed,condensed,identification,said,,,spiritual,,,,,,,,,
,relevance,lesser,digest,built,talk,,,stages,,,,,,,,,
,daytime,relying,composition,lots,interior,,,tossed,,,,,,,,,
,owen,angels,viewed,hotels,examine,,,studios,,,,,,,,,
,derived,reassuring,angle,smaller,party,,,laboratory,,,,,,,,,
,victims,allen,somber,cut,arguments,,,risk,,,,,,,,,
,heritage,socially,hand,mainstream,catches,,,actions,,,,,,,,,
,proceedings,toss,credible,charge,missing,,,concerned,,,,,,,,,
,adds,releases,mature,river,hoffman,,,later,,,,,,,,,
,humble,sequence,ensuing,experiences,newcomer,,,left,,,,,,,,,
,solemn,`,mclaughlin,bears,susan,,,remaining,,,,,,,,,
,motivation,aims,ninety,spent,feat,,,critics,,,,,,,,,
,paint,certified,scratches,existing,third,,,jonathan,,,,,,,,,
,improvement,believing,commerce,photos,harmless,,,falling,,,,,,,,,
,soldiers,accumulate,subtly,got,vulnerability,,,explains,,,,,,,,,
,spiked,divorce,combines,creates,adequately,,,longer,,,,,,,,,
,listening,axel,thirst,call,miraculous,,,signs,,,,,,,,,
,lawrence,omitted,ballistic,la,fills,,,produce,,,,,,,,,
,textbook,distinguish,waltz,marks,sack,,,drug,,,,,,,,,
,barbed,monumental,provoke,note,weave,,,david,,,,,,,,,
,riot,suggests,older,friend,eerie,,,songs,,,,,,,,,
,tied,ventures,blackout,chris,uncertain,,,ones,,,,,,,,,
,operatic,settings,collapses,columbus,battle,,,model,,,,,,,,,
,limbs,players,consciousness,basic,present,,,text,,,,,,,,,
,suspend,purposes,conceptual,affected,morally,,,proved,,,,,,,,,
,disbelief,chest,accident,workshops,bankrupt,,,played,,,,,,,,,
,styled,accountant,puzzle,practice,veil,,,court,,,,,,,,,
,honesty,rake,sorority,ancient,shine,,,case,,,,,,,,,
,traditions,bound,naturally,foundation,releases,,,benefit,,,,,,,,,
,pbs,shaped,corpse,relative,comedian,,,committed,,,,,,,,,
,contradictory,randall,siege,remove,racist,,,presence,,,,,,,,,
,smashing,deserved,gravity,elizabeth,example,,,plate,,,,,,,,,
,effortlessly,padded,popular,objective,song,,,including,,,,,,,,,
,straining,rally,climax,sung,editing,,,web,,,,,,,,,
,dinner,hubert,neil,carol,extreme,,,alive,,,,,,,,,
,analyze,renowned,jealousy,product,values,,,kong,,,,,,,,,
,sparks,russian,tenderly,goals,strength,,,park,,,,,,,,,
,cumulative,shades,delivery,project,confident,,,assume,,,,,,,,,
,visionary,tier,christopher,dollars,directors,,,figured,,,,,,,,,
,creed,glee,classify,elsewhere,abandon,,,forced,,,,,,,,,
,ferrara,instincts,scores,italian,scripts,,,dismissed,,,,,,,,,
,abel,legendary,direct,century,terms,,,williams,,,,,,,,,
,reliance,paranoia,warrior,france,stephen,,,source,,,,,,,,,
,weighted,plastered,proud,20th,richer,,,louis,,,,,,,,,
,toilet,surrender,autobiographical,crimes,randolph,,,system,,,,,,,,,
,uncle,hue,sincerely,shopping,publishing,,,child,,,,,,,,,
,academy,orlando,crafted,mall,welles,,,towards,,,,,,,,,
,equation,wooden,convention,silent,hearst,,,spanish,,,,,,,,,
,molina,christian,urgently,series,william,,,workers,,,,,,,,,
,mexican,prospect,gasping,fan,wicked,,,revolution,,,,,,,,,
,arresting,web,workings,opportunity,hollow,,,tim,,,,,,,,,
,prevention,completion,gaza,spin,tops,,,compared,,,,,,,,,
,craven,possibilities,heightened,bags,burning,,,arthur,,,,,,,,,
,soul,outsiders,virtues,allow,passes,,,spring,,,,,,,,,
,warriors,beginnings,harm,suit,unless,,,gear,,,,,,,,,
,transparent,americans,cameo,leading,unchanged,,,huge,,,,,,,,,
,mick,televised,depression,revealed,portrayed,,,gap,,,,,,,,,
,hewitt,curtains,abyss,ordinary,ring,,,spend,,,,,,,,,
,inadequate,described,sinks,brought,groundbreaking,,,technology,,,,,,,,,
,adrenaline,whale,eroded,assembly,spectacular,,,search,,,,,,,,,
,lowered,chasing,madonna,performing,musicals,,,finished,,,,,,,,,
,giggle,hopeful,ear,kick,30,,,comparison,,,,,,,,,
,gang,memorial,rhythm,encounter,sensual,,,pop,,,,,,,,,
,preserving,daddy,flawed,talked,updated,,,status,,,,,,,,,
,disgust,korea,comprehend,ethics,cerebral,,,pat,,,,,,,,,
,slip,investigate,treat,animal,forwards,,,identity,,,,,,,,,
,tendency,scenes,lifts,club,prism,,,visible,,,,,,,,,
,lectures,rounded,gloss,fisher,innocent,,,outside,,,,,,,,,
,vh1,inspirational,regain,focus,inherently,,,sole,,,,,,,,,
,terrorist,expression,conventions,happiness,betrayal,,,effect,,,,,,,,,
,gaze,controversial,manipulation,occasionally,panic,,,novels,,,,,,,,,
,chuckles,human,optimism,james,glued,,,turkey,,,,,,,,,
,sheridan,armed,hughes,picked,manage,,,prior,,,,,,,,,
,stylized,contest,elder,colored,pow,,,hang,,,,,,,,,
,hilary,cartoon,sheds,feast,sick,,,sorry,,,,,,,,,
,birmingham,knocks,musical,seriously,range,,,fame,,,,,,,,,
,disagree,pristine,terror,let,odds,,,choose,,,,,,,,,
,rules,lowered,horrific,hair,starving,,,expected,,,,,,,,,
,89,flow,intentions,slightly,jolly,,,english,,,,,,,,,
,sensitivity,lavish,smiles,ignored,broadway,,,america,,,,,,,,,
,muddy,colorful,owes,came,occupation,,,word,,,,,,,,,
,israel,teen,genesis,places,express,,,russian,,,,,,,,,
,accountant,biting,display,piano,cares,,,speaking,,,,,,,,,
,precision,numb,fitting,teacher,spirited,,,highest,,,,,,,,,
,michel,audiences,naval,trick,awakening,,,families,,,,,,,,,
,probe,connect,tears,increasingly,fathers,,,holds,,,,,,,,,
,aspirations,accomplished,frightening,features,complaint,,,becoming,,,,,,,,,
,charms,mattered,surely,served,survivors,,,lee,,,,,,,,,
,gay,marriage,amid,usually,wear,,,she,,,,,,,,,
,conservative,marry,morality,five,erotic,,,said,,,,,,,,,
,suspected,nation,futuristic,worked,arrangements,,,trust,,,,,,,,,
,privy,compromise,autopsy,development,uncanny,,,talk,,,,,,,,,
,garnered,strokes,lobby,minute,cultivation,,,interior,,,,,,,,,
,fool,contrast,corner,visit,access,,,party,,,,,,,,,
,underlying,graduated,bravery,seconds,damn,,,telling,,,,,,,,,
,kenneth,canon,circuit,phrase,80,,,missing,,,,,,,,,
,superhero,embrace,minnie,julia,choice,,,hunter,,,,,,,,,
,intellect,election,spontaneous,roberts,paid,,,rising,,,,,,,,,
,arrow,pulls,interaction,workshop,godfrey,,,jake,,,,,,,,,
,kissing,broadway,cellular,duration,beacon,,,susan,,,,,,,,,
,stein,relationships,card,lonely,natural,,,third,,,,,,,,,
,pencil,meaningful,palette,certain,slim,,,restored,,,,,,,,,
,defiance,disney,sports,realize,rode,,,rocks,,,,,,,,,
,pollution,technical,savage,separate,corn,,,studied,,,,,,,,,
,achieving,ties,cunning,FALSE,candy,,,dependent,,,,,,,,,
,consolation,extraordinary,gaunt,structure,zipper,,,night,,,,,,,,,
,famous,tolerate,dimension,weight,reflective,,,brian,,,,,,,,,
,sorrow,ocean,hell,tang,blood,,,present,,,,,,,,,
,intensely,1999,wasted,filling,journalism,,,battle,,,,,,,,,
,object,maintains,tiny,devices,nonsense,,,releases,,,,,,,,,
,glucose,benefits,participant,conventional,snaps,,,latest,,,,,,,,,
,revelation,risks,rushed,manhattan,struggle,,,position,,,,,,,,,
,atmospheric,climbing,garcia,rage,convinced,,,comfort,,,,,,,,,
,encounters,content,immensely,exactly,tens,,,song,,,,,,,,,
,horizons,bind,fees,firing,lucky,,,example,,,,,,,,,
,hole,reynolds,technological,research,killer,,,values,,,,,,,,,
,boredom,knees,concentrating,market,eye,,,extreme,,,,,,,,,
,insistence,ad,retaliation,legal,accept,,,strength,,,,,,,,,
,accurately,powerhouse,sadly,witnesses,adherents,,,opposed,,,,,,,,,
,turmoil,motions,depict,event,trombone,,,extent,,,,,,,,,
,83,immune,homosexual,account,sin,,,cutting,,,,,,,,,
,hartley,specimen,relationship,revolutionary,appreciated,,,directors,,,,,,,,,
,pill,accumulated,laced,chance,possess,,,terms,,,,,,,,,
,reminder,gamble,seek,drives,embarrassment,,,operates,,,,,,,,,
,significance,shanghai,flash,unlikely,rotten,,,fact,,,,,,,,,
,anarchist,boiling,wise,air,single,,,com,,,,,,,,,
,seductive,corruption,distinguished,outcome,applies,,,stephen,,,,,,,,,
,meaningless,fights,woodland,moment,crazy,,,took,,,,,,,,,
,responsibility,sadness,tortured,pages,uncomfortably,,,william,,,,,,,,,
,sink,dialogue,projectile,centuries,lines,,,peter,,,,,,,,,
,bid,structures,seizing,spiritual,reading,,,provided,,,,,,,,,
,detailed,examination,thousand,stages,figures,,,publishing,,,,,,,,,
,demise,equation,portrays,tossed,disregard,,,scholar,,,,,,,,,
,embedded,forgiven,gratitude,lifestyle,imaginative,,,list,,,,,,,,,
,documentaries,crossover,reign,studios,condensed,,,burning,,,,,,,,,
,anne,pursued,dragons,laboratory,expert,,,useful,,,,,,,,,
,sway,witnesses,models,risk,composition,,,passes,,,,,,,,,
,aliens,credits,bag,actions,viewed,,,unless,,,,,,,,,
,politically,ford,grin,concerned,angle,,,wars,,,,,,,,,
,mysteries,marquis,managed,consequences,somber,,,portrayed,,,,,,,,,
,lodging,millions,wang,later,credible,,,ring,,,,,,,,,
,adam,touching,corrupt,left,mature,,,30,,,,,,,,,
,technologies,summons,myself,remaining,highlighted,,,credit,,,,,,,,,
,tunnels,assignment,satan,critics,pro,,,craig,,,,,,,,,
,attackers,stab,disguise,jonathan,con,,,updated,,,,,,,,,
,anonymous,gain,surrender,swift,complications,,,table,,,,,,,,,
,primitive,backgrounds,throwing,falling,stars,,,diesel,,,,,,,,,
,laurence,beacon,sane,trap,mclaughlin,,,flows,,,,,,,,,
,olivier,critics,span,explains,layer,,,themes,,,,,,,,,
,gun,swim,held,longer,scratches,,,code,,,,,,,,,
,prevalent,sympathetic,odd,signs,house,,,noble,,,,,,,,,
,freddie,visual,sound,produce,commerce,,,innocent,,,,,,,,,
,taylor,seas,settles,drug,stunning,,,interested,,,,,,,,,
,harvard,mount,expectation,david,subtly,,,panic,,,,,,,,,
,encompasses,workings,profound,songs,combines,,,sweat,,,,,,,,,
,paths,tourists,compressed,ones,thirst,,,did,,,,,,,,,
,contender,soldiers,catalyst,model,ballistic,,,manage,,,,,,,,,
,reynolds,wars,restrictive,text,provoke,,,wants,,,,,,,,,
,depleted,assurance,dubious,proved,older,,,sick,,,,,,,,,
,decomposition,sleeper,bodies,played,former,,,african,,,,,,,,,
,swaying,economical,leather,court,blackout,,,range,,,,,,,,,
,gently,knockout,cheer,case,collapses,,,rise,,,,,,,,,
,ounce,tense,secretary,benefit,conceptual,,,broadway,,,,,,,,,
,strategic,destined,stepmother,committed,accident,,,german,,,,,,,,,
,define,beneath,inevitable,presence,somebody,,,express,,,,,,,,,
,helm,dragons,incarnation,commanding,steady,,,inner,,,,,,,,,
,philosophers,columbus,indians,plate,seemingly,,,occupation,,,,,,,,,
,ritchie,cheering,sober,including,puzzle,,,blade,,,,,,,,,
,bonding,cheer,ten,staged,boys,,,wear,,,,,,,,,
,miniseries,assign,circle,web,sorority,,,shock,,,,,,,,,
,disciplined,technique,chain,spinning,naturally,,,arrangements,,,,,,,,,
,ironic,shadows,forming,alive,siege,,,danger,,,,,,,,,
,endurance,triangles,distinguishing,kong,corpse,,,access,,,,,,,,,
,tightened,suited,wallace,scope,springs,,,damn,,,,,,,,,
,collaborative,daring,shaken,park,area,,,80,,,,,,,,,
,apollo,endure,transparency,assume,imagined,,,choice,,,,,,,,,
,ai,nazi,enormous,figured,climax,,,paid,,,,,,,,,
,continuity,gibson,afternoon,forced,neil,,,raised,,,,,,,,,
,ambrose,indie,hampered,dismissed,jealousy,,,natural,,,,,,,,,
,leaps,crucial,random,williams,tenderly,,,abandoned,,,,,,,,,
,boundaries,obligation,notion,source,christopher,,,101,,,,,,,,,
,unnamed,piercing,terrifying,louis,classify,,,eating,,,,,,,,,
,stretched,feral,possesses,system,direct,,,cotton,,,,,,,,,
,ambition,deaths,proficiency,child,scores,,,parents,,,,,,,,,
,improvised,kitten,technical,towards,autobiographical,,,settle,,,,,,,,,
,tapestry,intellectual,brand,spanish,sincerely,,,blood,,,,,,,,,
,gel,hitting,breath,workers,aging,,,threat,,,,,,,,,
,roles,dose,professors,revolution,urgently,,,struggle,,,,,,,,,
,honorable,rapid,whom,tim,mercy,,,reputation,,,,,,,,,
,ambiguity,odds,contradiction,compared,workings,,,critical,,,,,,,,,
,symbolic,curiosity,searing,arthur,gaza,,,convinced,,,,,,,,,
,assert,conservative,lifetime,spring,virtues,,,lucky,,,,,,,,,
,contenders,politics,letting,gear,imagine,,,anthony,,,,,,,,,
,lean,notion,fearless,huge,harm,,,killer,,,,,,,,,
,feathers,interests,carved,gap,abyss,,,eye,,,,,,,,,
,freedom,sketches,niche,spend,eroded,,,blind,,,,,,,,,
,donovan,ralph,overly,environments,singer,,,teach,,,,,,,,,
,exit,minded,slowly,technology,rhythm,,,ash,,,,,,,,,
,pleas,woven,sophomore,search,flawed,,,enter,,,,,,,,,
,irwin,abroad,slump,finished,comprehend,,,accept,,,,,,,,,
,procedural,impressions,tug,comparison,treat,,,single,,,,,,,,,
,schneider,wit,gender,pop,lifts,,,crazy,,,,,,,,,
,crypt,uk,slack,maintains,gloss,,,grandfather,,,,,,,,,
,peek,sprung,1940s,status,regain,,,lines,,,,,,,,,
,protagonist,affected,amir,pat,within,,,reading,,,,,,,,,
,patriotic,ambitions,70s,identity,bitter,,,figures,,,,,,,,,
,hardened,brightly,prophet,visible,conventions,,,expert,,,,,,,,,
,origins,constraints,larger,boom,manipulation,,,composition,,,,,,,,,
,nazi,majestic,conflict,dubbed,optimism,,,viewed,,,,,,,,,
,decade,jane,vital,outside,elder,,,angle,,,,,,,,,
,yiddish,skirts,recalls,sole,hughes,,,hand,,,,,,,,,
,bouncing,jacques,classics,attraction,afraid,,,number,,,,,,,,,
,practiced,negotiate,sweetly,effect,sheds,,,pro,,,,,,,,,
,annals,historical,infectious,ignoring,terror,,,stars,,,,,,,,,
,forceful,deeper,centered,novels,horrific,,,layer,,,,,,,,,
,innovations,tremble,brooding,turkey,stop,,,house,,,,,,,,,
,despair,misses,hitting,prior,intentions,,,commerce,,,,,,,,,
,replaced,sensual,tainted,hang,smiles,,,cuts,,,,,,,,,
,goth,fling,modest,documented,occasional,,,coffee,,,,,,,,,
,executives,holm,superhuman,sorry,owes,,,nobody,,,,,,,,,
,tongues,silver,withstand,fame,genesis,,,pass,,,,,,,,,
,hoped,20th,capacity,choose,personnel,,,older,,,,,,,,,
,clint,spiral,crush,expected,san,,,former,,,,,,,,,
,illustrating,yarn,conspicuous,croatia,naval,,,drew,,,,,,,,,
,showtime,drawing,develop,english,frightening,,,accident,,,,,,,,,
,whale,provocative,language,america,surely,,,steady,,,,,,,,,
,bitterly,glow,timing,word,amid,,,boys,,,,,,,,,
,lower,tale,require,russian,trailer,,,decisions,,,,,,,,,
,enjoyment,frantic,connect,speaking,morality,,,springs,,,,,,,,,
,admitting,believed,weaponry,highest,futuristic,,,siege,,,,,,,,,
,athlete,intriguing,dungeons,families,elaborate,,,area,,,,,,,,,
,arnold,admitting,toss,holds,autopsy,,,popular,,,,,,,,,
,ambiguous,spiritual,definitions,becoming,coke,,,damage,,,,,,,,,
,combat,showcase,thud,lee,pit,,,neil,,,,,,,,,
,expose,struggle,supposedly,spike,corner,,,christopher,,,,,,,,,
,prejudice,phillip,floor,said,bravery,,,delivery,,,,,,,,,
,screenwriter,paris,interpretation,trust,circuit,,,direct,,,,,,,,,
,enigma,vincent,lyrical,talk,minnie,,,scores,,,,,,,,,
,chiefly,flaws,blockbuster,interior,wig,,,warrior,,,,,,,,,
,yearning,singing,exploitation,party,shop,,,proud,,,,,,,,,
,captain,painting,populated,telling,allowing,,,nose,,,,,,,,,
,singing,punishment,emotion,arguments,spontaneous,,,convention,,,,,,,,,
,lifeless,collar,claw,missing,interaction,,,wins,,,,,,,,,
,near,capture,flower,hunter,cellular,,,closing,,,,,,,,,
,framing,behave,purge,rising,phone,,,struggled,,,,,,,,,
,throws,intricate,triumph,jake,card,,,15,,,,,,,,,
,faint,intact,glow,susan,convenient,,,person,,,,,,,,,
,enjoying,disguise,spends,feat,younger,,,imagine,,,,,,,,,
,alternately,flourish,bunch,third,cad,,,survive,,,,,,,,,
,hopeful,unnamed,marvelous,restored,sports,,,harm,,,,,,,,,
,stacked,begun,shame,rocks,quietly,,,depression,,,,,,,,,
,apparatus,shovel,base,studied,cunning,,,singer,,,,,,,,,
,mechanical,actors,shifted,dependent,savage,,,ear,,,,,,,,,
,compatible,anonymous,wesley,night,gaunt,,,rhythm,,,,,,,,,
,depiction,pill,asia,brian,dimension,,,treat,,,,,,,,,
,artwork,oral,institution,present,graphic,,,cat,,,,,,,,,
,resolution,shear,proposes,battle,submerged,,,within,,,,,,,,,
,embraced,witness,mistress,uncertain,hell,,,ground,,,,,,,,,
,aids,howard,breakthrough,releases,handling,,,elder,,,,,,,,,
,realities,tragic,cheering,latest,wasted,,,afraid,,,,,,,,,
,fide,utilizing,assumes,comedian,participant,,,lord,,,,,,,,,
,pitched,electric,bright,position,garcia,,,musical,,,,,,,,,
,born,captures,recovery,comfort,fees,,,terror,,,,,,,,,
,hug,ai,unmistakable,song,technological,,,stop,,,,,,,,,
,repetition,powerful,capture,example,concentrating,,,obviously,,,,,,,,,
,rivalry,quietly,chaos,values,sadly,,,display,,,,,,,,,
,agile,distinctive,penetrating,extreme,burn,,,san,,,,,,,,,
,proficient,finds,fascination,editing,copy,,,naval,,,,,,,,,
,victim,insistence,operational,strength,relationship,,,tears,,,,,,,,,
,denial,showcases,vague,opposed,homosexual,,,personnel,,,,,,,,,
,factors,steals,mechanics,extent,depict,,,diego,,,,,,,,,
,paxton,targeted,cult,confident,laced,,,chamber,,,,,,,,,
,resistance,stroke,undone,cutting,flash,,,tourism,,,,,,,,,
,levy,forum,smack,directors,wise,,,cultural,,,,,,,,,
,forster,ferrara,hall,terms,distinguished,,,resulted,,,,,,,,,
,armed,yank,inspiration,operates,projectile,,,surely,,,,,,,,,
,seriousness,2002,nicholson,fact,seizing,,,shorter,,,,,,,,,
,employment,traits,brush,com,milk,,,heaven,,,,,,,,,
,cricket,redundant,possibilities,stephen,thousand,,,pit,,,,,,,,,
,vin,fuse,juicy,took,portrays,,,corner,,,,,,,,,
,furiously,honoring,axel,william,gratitude,,,friendly,,,,,,,,,
,brains,core,relies,peter,reign,,,circuit,,,,,,,,,
,athletes,haunted,awareness,provided,dragons,,,staying,,,,,,,,,
,banged,competence,ache,publishing,dancers,,,travel,,,,,,,,,
,screenings,demonstrate,mortal,scholar,models,,,shop,,,,,,,,,
,fumbled,awake,intent,hollow,wearing,,,sell,,,,,,,,,
,canon,amusement,creeping,list,grin,,,allowing,,,,,,,,,
,grown,determine,swear,burning,bag,,,desert,,,,,,,,,
,flesh,drawn,economical,sensation,managed,,,swept,,,,,,,,,
,drastic,wilson,seated,useful,corrupt,,,phone,,,,,,,,,
,capturing,60s,distinctly,passes,myself,,,card,,,,,,,,,
,fantasies,directors,bursts,unless,satan,,,younger,,,,,,,,,
,illness,reunion,establishing,wars,disguise,,,laid,,,,,,,,,
,metaphysical,slack,hospital,portrayed,7,,,sports,,,,,,,,,
,collectively,systematically,ideal,ring,&,,,quietly,,,,,,,,,
,echoes,mercy,body,30,hands,,,peak,,,,,,,,,
,canadians,targets,unbelievable,credit,sane,,,mike,,,,,,,,,
,calculated,moonlight,stretch,craig,span,,,hell,,,,,,,,,
,winds,intelligent,theories,updated,held,,,philosophy,,,,,,,,,
,monsters,merchant,ominous,table,odd,,,surrounded,,,,,,,,,
,swan,appeals,earthly,diesel,sound,,,86,,,,,,,,,
,rally,prominent,costly,flows,uniformly,,,tiny,,,,,,,,,
,psychotic,pointless,myers,themes,settles,,,rushed,,,,,,,,,
,suffer,boundaries,tickets,code,profound,,,garcia,,,,,,,,,
,generating,ambiguous,land,noble,compressed,,,print,,,,,,,,,
,dimensions,foremost,counterparts,strict,catalyst,,,burn,,,,,,,,,
,rigid,grave,schizophrenia,innocent,restrictive,,,copy,,,,,,,,,
,erin,confined,captured,interested,dubious,,,relationship,,,,,,,,,
,devastation,spectacle,warfare,panic,neat,,,amy,,,,,,,,,
,portraying,fleeting,lets,sweat,bodies,,,seek,,,,,,,,,
,disease,generation,primarily,manage,clad,,,flash,,,,,,,,,
,classification,concerning,reside,wants,several,,,mad,,,,,,,,,
,revenge,sentimental,brendan,sick,secretary,,,accused,,,,,,,,,
,sundance,reside,tuned,african,stepmother,,,22,,,,,,,,,
,skins,aspects,raises,range,inevitable,,,distinguished,,,,,,,,,
,smirk,timeless,delivering,rise,ten,,,johnny,,,,,,,,,
,phillip,begins,brink,broadway,incarnation,,,books,,,,,,,,,
,references,hazy,changes,german,indians,,,milk,,,,,,,,,
,succeeded,mainstream,immigrant,express,meets,,,likely,,,,,,,,,
,skyscraper,interpretation,thick,inner,boat,,,thousand,,,,,,,,,
,clouds,peculiar,anguish,occupation,forming,,,reign,,,,,,,,,
,narration,buried,elusive,survivors,chain,,,models,,,,,,,,,
,prolonged,sensation,scares,blade,pick,,,shoulder,,,,,,,,,
,opened,devoid,movement,wear,distinguishing,,,wearing,,,,,,,,,
,record,deepest,competition,shock,wallace,,,clubs,,,,,,,,,
,junk,senses,evaluate,arrangements,transparency,,,bag,,,,,,,,,
,literal,hero,radical,danger,enormous,,,carrying,,,,,,,,,
,rejected,analyze,de,access,cause,,,golf,,,,,,,,,
,settled,demands,sterling,damn,hampered,,,grin,,,,,,,,,
,suggests,improvised,thrusts,80,notion,,,managed,,,,,,,,,
,consistency,determination,backbone,choice,birthday,,,marry,,,,,,,,,
,richly,insults,hook,paid,possesses,,,wang,,,,,,,,,
,neck,resembling,1993,raised,spice,,,myself,,,,,,,,,
,flatly,realm,courageous,natural,proficiency,,,&,,,,,,,,,
,principles,lesbian,allegiance,abandoned,technical,,,7,,,,,,,,,
,unhappy,pawn,sunshine,hopes,crucial,,,hands,,,,,,,,,
,atrocities,turf,pony,finale,considered,,,24,,,,,,,,,
,mythology,seal,backlash,101,immediately,,,decided,,,,,,,,,
,benefited,rendering,prospect,eating,immature,,,throwing,,,,,,,,,
,directs,palette,prominently,cotton,contradiction,,,surrender,,,,,,,,,
,1938,fearless,exceeds,rode,searing,,,records,,,,,,,,,
,holden,predominantly,immersed,candy,rhino,,,held,,,,,,,,,
,leaping,pinnacle,imagery,corn,desirable,,,odd,,,,,,,,,
,traits,hugh,wall,parents,letting,,,sound,,,,,,,,,
,gore,bonds,vaguely,settle,fearless,,,bodies,,,,,,,,,
,nicolas,graham,suited,blood,carved,,,leather,,,,,,,,,
,cage,ambition,intersect,reflect,niche,,,several,,,,,,,,,
,luis,firing,dedicated,journalism,comfortable,,,secretary,,,,,,,,,
,paranoia,jackson,pitted,threat,woody,,,ten,,,,,,,,,
,confronting,relate,shimmering,rope,slowly,,,boat,,,,,,,,,
,phenomenon,resources,asian,struggle,sophomore,,,clean,,,,,,,,,
,viewpoint,unleashed,painting,reputation,slump,,,friday,,,,,,,,,
,content,graphic,reasons,critical,tug,,,meets,,,,,,,,,
,diary,blushing,adolescent,convinced,gender,,,13th,,,,,,,,,
,mild,tribute,shocks,lucky,1940s,,,indians,,,,,,,,,
,stays,thrill,numbered,anthony,70s,,,circle,,,,,,,,,
,leap,reaching,marine,killer,prophet,,,chain,,,,,,,,,
,fuels,widow,padded,eye,nervous,,,forming,,,,,,,,,
,freighter,depth,standardized,blind,pushing,,,pick,,,,,,,,,
,stretches,weep,propaganda,teach,conflict,,,wallace,,,,,,,,,
,enthusiasts,orientation,brushes,allegedly,vital,,,flying,,,,,,,,,
,clown,iranian,bubba,ash,enthusiastic,,,cooper,,,,,,,,,
,ecstasy,persistence,granted,wednesday,recalls,,,amount,,,,,,,,,
,wonders,wasp,details,enter,sweetly,,,cause,,,,,,,,,
,emphasizes,douglas,visuals,accept,indication,,,afternoon,,,,,,,,,
,sessions,rode,majestic,sin,infectious,,,shaped,,,,,,,,,
,conception,tightened,upbeat,single,brooding,,,random,,,,,,,,,
,broadcast,indicative,directorial,shorts,superhuman,,,animals,,,,,,,,,
,accomplishment,torpedo,treasure,crazy,although,,,birthday,,,,,,,,,
,evelyn,landing,worship,grandfather,withstand,,,zero,,,,,,,,,
,embrace,motion,concern,deliver,capacity,,,rating,,,,,,,,,
,sonny,masterpiece,thinks,lines,shooting,,,technical,,,,,,,,,
,station,fiction,repeated,reading,mundane,,,considered,,,,,,,,,
,delicately,pulp,puppets,figures,wave,,,breath,,,,,,,,,
,media,capability,bear,expert,surf,,,brand,,,,,,,,,
,producers,clones,advantage,composition,develop,,,immediately,,,,,,,,,
,memoir,portrait,futile,viewed,conspicuous,,,issue,,,,,,,,,
,woo,bleed,happens,angle,timing,,,whom,,,,,,,,,
,sublime,fighters,1899,hand,connect,,,110,,,,,,,,,
,scarcely,workshops,misery,mature,weaponry,,,lifetime,,,,,,,,,
,palma,kiss,willingness,number,dungeons,,,letting,,,,,,,,,
,expressive,tuned,wander,pro,onto,,,comfortable,,,,,,,,,
,provoked,visually,pity,con,definitions,,,carved,,,,,,,,,
,tenor,rising,tactics,stars,thud,,,slowly,,,,,,,,,
,explosion,dawn,warped,layer,supposedly,,,beaten,,,,,,,,,
,mourning,homes,positively,shifting,interpretation,,,gender,,,,,,,,,
,adultery,drum,campus,house,represents,,,gary,,,,,,,,,
,rampant,grant,bertrand,commerce,using,,,voices,,,,,,,,,
,kingsley,peek,wears,cuts,lyrical,,,1940s,,,,,,,,,
,modeled,stupidity,intimacy,coffee,blockbuster,,,individual,,,,,,,,,
,successor,jet,sermon,nobody,exploitation,,,steam,,,,,,,,,
,rewards,consciousness,blanket,ignore,emotion,,,nervous,,,,,,,,,
,shear,enthusiasm,evening,pass,purge,,,gates,,,,,,,,,
,hack,amazement,brisk,older,flower,,,pushing,,,,,,,,,
,bitten,connections,bordering,former,glow,,,larger,,,,,,,,,
,volatile,leap,beloved,drew,triumph,,,conflict,,,,,,,,,
,indefinitely,suitcase,continuation,consciousness,bunch,,,contained,,,,,,,,,
,salvation,subjected,logical,maintaining,marvelous,,,advance,,,,,,,,,
,disdain,metropolitan,awkward,accident,combined,,,craft,,,,,,,,,
,resolutions,reduce,fairy,somebody,luck,,,ears,,,,,,,,,
,basketball,obligatory,sentiments,steady,shifted,,,sport,,,,,,,,,
,haynes,emotional,wasting,seemingly,institution,,,hitting,,,,,,,,,
,rhetoric,tourism,alabama,boys,proposes,,,denied,,,,,,,,,
,transformed,spike,legally,decisions,mistress,,,although,,,,,,,,,
,wartime,sincerity,executive,naturally,girlfriend,,,defense,,,,,,,,,
,downward,tens,producer,springs,breakthrough,,,capacity,,,,,,,,,
,inclination,crippled,estranged,siege,cheering,,,mount,,,,,,,,,
,hannibal,guilt,encourage,gravity,television,,,shooting,,,,,,,,,
,terrified,enduring,incapable,area,assumes,,,wave,,,,,,,,,
,whimper,saga,acclaim,popular,bright,,,walking,,,,,,,,,
,tract,masses,international,imagined,separation,,,student,,,,,,,,,
,permitting,producer,famine,damage,recovery,,,language,,,,,,,,,
,repeatedly,analysis,devastated,neil,hated,,,develop,,,,,,,,,
,cartoon,winds,disguised,christopher,unmistakable,,,require,,,,,,,,,
,66,calculated,troubled,delivery,capture,,,connect,,,,,,,,,
,stopped,vanity,sly,direct,chaos,,,military,,,,,,,,,
,unnoticed,fi,popped,scores,penetrating,,,onto,,,,,,,,,
,unconventional,consequences,emerges,warrior,fascination,,,crosses,,,,,,,,,
,turbulent,poetic,expands,proud,blow,,,discuss,,,,,,,,,
,egypt,dong,prime,nose,auditorium,,,floor,,,,,,,,,
,twenty,disdain,tales,convention,mechanics,,,interpretation,,,,,,,,,
,racial,trapped,deaths,wins,memories,,,represent,,,,,,,,,
,homicide,accomplish,bump,closing,yesterday,,,represents,,,,,,,,,
,baggage,wig,form,struggled,favorite,,,using,,,,,,,,,
,cinderella,glimpse,doris,mercy,undone,,,emotion,,,,,,,,,
,harrison,classical,cultivated,15,heard,,,flower,,,,,,,,,
,evolve,retaining,careers,person,hall,,,killed,,,,,,,,,
,jumps,swirling,titus,imagine,inspiration,,,5,,,,,,,,,
,engages,conventions,undo,survive,nicholson,,,combined,,,,,,,,,
,walt,spikes,photo,harm,brush,,,base,,,,,,,,,
,discontent,figures,vastly,depression,recognize,,,luck,,,,,,,,,
,deepest,victims,missed,singer,artists,,,shifted,,,,,,,,,
,noticing,interrogation,espionage,ear,relies,,,asia,,,,,,,,,
,physical,namesake,refugees,rhythm,ache,,,institution,,,,,,,,,
,evans,manual,age,treat,intent,,,girlfriend,,,,,,,,,
,overlapping,animated,alien,cat,creeping,,,window,,,,,,,,,
,collateral,lucia,quest,hunger,economical,,,television,,,,,,,,,
,disabilities,venice,substantial,within,spider,,,bright,,,,,,,,,
,archive,potent,coughed,ground,distinctly,,,recovery,,,,,,,,,
,surplus,combat,varying,bitter,setting,,,hated,,,,,,,,,
,specific,cerebral,hooks,elder,ideal,,,bearing,,,,,,,,,
,stills,brooding,flaw,hughes,body,,,capture,,,,,,,,,
,grasp,fascination,carries,afraid,vietnamese,,,draft,,,,,,,,,
,insignificant,disturb,oliver,lord,theories,,,blow,,,,,,,,,
,higher,freaks,irresistible,musical,ominous,,,operational,,,,,,,,,
,examines,durable,dressed,praise,dragged,,,happened,,,,,,,,,
,gut,striking,hussein,terror,earthly,,,memories,,,,,,,,,
,tense,realistic,saddam,stop,costly,,,yesterday,,,,,,,,,
,trapped,disguised,ready,obviously,hidden,,,favorite,,,,,,,,,
,recruiting,fathers,operative,occasional,department,,,quick,,,,,,,,,
,dismay,playful,exposition,smiles,land,,,hall,,,,,,,,,
,explores,lifts,patience,display,counterparts,,,heard,,,,,,,,,
,torpedo,danny,directly,san,schizophrenia,,,letter,,,,,,,,,
,activate,chord,scribe,naval,captured,,,inspiration,,,,,,,,,
,reinforcement,complications,chemistry,tears,equal,,,category,,,,,,,,,
,distinguish,atlantic,concludes,personnel,handful,,,recognize,,,,,,,,,
,exploit,waldo,dawn,diego,realizing,,,artists,,,,,,,,,
,confidence,rank,crisp,chamber,warfare,,,awareness,,,,,,,,,
,holocaust,bouncing,shudder,tourism,lets,,,opportunities,,,,,,,,,
,streamed,etched,meaning,developers,brendan,,,intent,,,,,,,,,
,iran,joel,patch,cultural,tuned,,,invasion,,,,,,,,,
,facades,goals,willis,resulted,vehicle,,,spider,,,,,,,,,
,anchors,sitcom,bruce,surely,raises,,,breaks,,,,,,,,,
,expects,threat,win,shorter,brink,,,establishing,,,,,,,,,
,gloom,drama,creators,trailer,thick,,,design,,,,,,,,,
,hideous,reckless,slap,heaven,elusive,,,hospital,,,,,,,,,
,throbbing,forged,wrestling,elaborate,longing,,,volume,,,,,,,,,
,myth,catastrophic,doomed,ruined,anguish,,,setting,,,,,,,,,
,heroic,li,weep,pit,scares,,,scott,,,,,,,,,
,sprung,admire,norton,lobby,unbearable,,,campbell,,,,,,,,,
,golden,austrian,edward,corner,mother,,,ideal,,,,,,,,,
,humidity,existence,numbers,friendly,cost,,,body,,,,,,,,,
,expressions,objects,nation,circuit,radical,,,stretch,,,,,,,,,
,appearing,victim,illuminating,staying,personalities,,,thousands,,,,,,,,,
,award,margins,scream,travel,sterling,,,influence,,,,,,,,,
,televised,humorous,camouflage,shop,tells,,,hidden,,,,,,,,,
,chord,portraits,considering,sell,thrusts,,,department,,,,,,,,,
,morals,atrocities,jonah,costume,backbone,,,land,,,,,,,,,
,napoleon,sensitivity,pronounced,allowing,hook,,,captured,,,,,,,,,
,chronicle,dignity,freud,desert,1993,,,equal,,,,,,,,,
,parker,courage,measure,interaction,courageous,,,defined,,,,,,,,,
,flowering,empathy,shining,swept,allegiance,,,serving,,,,,,,,,
,testosterone,powers,mendes,phone,syrup,,,sara,,,,,,,,,
,serials,newcastle,photographed,card,backlash,,,gallery,,,,,,,,,
,slender,tanks,likes,younger,prominently,,,closed,,,,,,,,,
,diamond,jealousy,unprecedented,laid,imagery,,,primarily,,,,,,,,,
,kaufman,autopsy,battlefield,sports,theory,,,vehicle,,,,,,,,,
,masculine,lightweight,drawing,quietly,wall,,,release,,,,,,,,,
,lecture,uncertain,mistake,peak,suited,,,changes,,,,,,,,,
,humanist,mermaid,arbitrary,savage,intersect,,,thick,,,,,,,,,
,adaptations,goose,labeled,dimension,catch,,,awarded,,,,,,,,,
,foolish,effectively,drumming,graphic,dedicated,,,information,,,,,,,,,
,satin,midst,assignment,mike,pitted,,,movement,,,,,,,,,
,skirts,affection,darkly,hell,shimmering,,,roughly,,,,,,,,,
,integrated,arbitrary,enters,philosophy,asian,,,competition,,,,,,,,,
,speculative,overcome,realm,surrounded,painting,,,mother,,,,,,,,,
,successes,giggle,fencing,86,adolescent,,,featured,,,,,,,,,
,store,ritchie,admit,handling,shocks,,,hits,,,,,,,,,
,characterized,inevitable,accurate,tiny,marine,,,cost,,,,,,,,,
,post,substances,relevance,rushed,padded,,,radical,,,,,,,,,
,cardiac,franco,texture,garcia,standardized,,,de,,,,,,,,,
,formed,redemption,daytime,fees,propaganda,,,portuguese,,,,,,,,,
,marquis,intentions,wilson,print,wife,,,hundred,,,,,,,,,
,menace,hardened,pink,burn,martin,,,exact,,,,,,,,,
,nerves,berkeley,derived,copy,shelf,,,tells,,,,,,,,,
,yank,unbearable,tormented,relationship,granted,,,1993,,,,,,,,,
,leash,fierce,victims,amy,visuals,,,scottish,,,,,,,,,
,signals,dramatic,proceedings,seek,exceeding,,,invited,,,,,,,,,
,intro,dimension,adds,flash,majestic,,,state,,,,,,,,,
,topical,plagued,solemn,mad,strikes,,,tom,,,,,,,,,
,manifesto,deadly,anchor,wise,empire,,,tank,,,,,,,,,
,duel,kang,supporting,anime,resident,,,baby,,,,,,,,,
,swiftly,brave,improvement,accused,experienced,,,theory,,,,,,,,,
,wanderers,strongest,audrey,22,upbeat,,,wall,,,,,,,,,
,bridget,ambitious,soldiers,distinguished,directorial,,,catch,,,,,,,,,
,equilibrium,weaving,spiked,johnny,vintage,,,dedicated,,,,,,,,,
,worlds,influential,lawrence,books,rivals,,,asian,,,,,,,,,
,hiding,definitive,textbook,milk,repeated,,,painting,,,,,,,,,
,calculating,pianist,barbed,likely,puppets,,,reasons,,,,,,,,,
,slippery,convincing,riot,thousand,bear,,,regular,,,,,,,,,
,criticizing,politically,loosely,reign,advantage,,,bought,,,,,,,,,
,295,commentary,operatic,dragons,futile,,,marine,,,,,,,,,
,preview,threatens,51,disappointed,compliment,,,agreed,,,,,,,,,
,1958,intimacy,limbs,models,happens,,,seat,,,,,,,,,
,fingered,nonfiction,disbelief,shoulder,1899,,,wife,,,,,,,,,
,curiously,african,suspend,wearing,realized,,,500,,,,,,,,,
,characterization,gang,belt,clubs,innovative,,,martin,,,,,,,,,
,orchestrated,composed,traditions,bag,willingness,,,granted,,,,,,,,,
,confidently,remarkably,curling,carrying,wander,,,details,,,,,,,,,
,doctorate,swaying,pbs,golf,warped,,,adding,,,,,,,,,
,telescope,retains,field,grin,bertrand,,,meeting,,,,,,,,,
,recycling,tolerance,merits,managed,wears,,,empire,,,,,,,,,
,analytical,incorporates,dreadful,marry,conduct,,,resident,,,,,,,,,
,transforms,unnoticed,elephant,inquiry,sleeve,,,experienced,,,,,,,,,
,undertaking,circuit,contradictory,wang,intimacy,,,bowl,,,,,,,,,
,discovery,enigma,endings,hands,sermon,,,worship,,,,,,,,,
,effectively,cushion,tongue,24,blanket,,,concern,,,,,,,,,
,indicative,flickering,bergman,decided,statements,,,thinks,,,,,,,,,
,concentration,superficial,approaches,throwing,kiss,,,repeated,,,,,,,,,
,architect,script,effortlessly,surrender,saving,,,bear,,,,,,,,,
,neutral,glossy,straining,records,bordering,,,advantage,,,,,,,,,
,tangled,armchair,50,span,beloved,,,month,,,,,,,,,
,prank,imaginary,strictly,held,continuation,,,voting,,,,,,,,,
,singh,dazzling,sparks,odd,logical,,,happens,,,,,,,,,
,function,gall,intimidated,sound,awkward,,,opening,,,,,,,,,
,acknowledges,vulgar,cumulative,bodies,sentiments,,,1899,,,,,,,,,
,businesses,blazing,visionary,leather,received,,,homes,,,,,,,,,
,guiding,gaze,hammer,quinn,wasting,,,realized,,,,,,,,,
,election,arc,creed,several,blonde,,,areas,,,,,,,,,
,chases,affecting,ferrara,secretary,abroad,,,angry,,,,,,,,,
,tucker,sexuality,abel,teenage,estranged,,,campus,,,,,,,,,
,sci,repetitive,reliance,ten,acclaim,,,conduct,,,,,,,,,
,italics,storyline,weighted,boat,assurance,,,rooms,,,,,,,,,
,attach,emotions,toilet,clean,famine,,,kiss,,,,,,,,,
,wilde,stud,academy,friday,devastated,,,evening,,,,,,,,,
,sidewalks,phantom,equation,meets,disguised,,,saving,,,,,,,,,
,empowerment,jaw,3,13th,impact,,,yard,,,,,,,,,
,established,revolution,molina,indians,troubled,,,speed,,,,,,,,,
,appointed,followers,kang,circle,sly,,,received,,,,,,,,,
,outrage,writer,salt,chain,spears,,,alabama,,,,,,,,,
,passions,exploit,trumpet,forming,emerges,,,producer,,,,,,,,,
,assassin,generosity,arresting,pick,expands,,,executive,,,,,,,,,
,seduce,organizing,idol,wallace,smash,,,abroad,,,,,,,,,
,segment,adjective,craven,flying,tales,,,international,,,,,,,,,
,vittorio,blackout,eighth,cooper,deaths,,,traveled,,,,,,,,,
,nash,sunk,soul,amount,bump,,,impact,,,,,,,,,
,purity,jockey,warriors,enormous,snow,,,prime,,,,,,,,,
,psycho,feminist,transparent,cause,form,,,tales,,,,,,,,,
,fictional,mist,mick,afternoon,doris,,,deaths,,,,,,,,,
,roster,punching,relate,shaped,cultivated,,,ice,,,,,,,,,
,afford,eternal,accidental,random,careers,,,cream,,,,,,,,,
,bolt,dual,hewitt,notion,titus,,,snow,,,,,,,,,
,velocity,simultaneously,inadequate,animals,vastly,,,form,,,,,,,,,
,enforced,spreading,adrenaline,birthday,concession,,,julie,,,,,,,,,
,hiatus,lad,giggle,cake,missed,,,fish,,,,,,,,,
,stroke,grasp,gang,zero,espionage,,,photo,,,,,,,,,
,improves,smack,preserving,rating,refugees,,,missed,,,,,,,,,
,nominated,permits,tendency,rat,age,,,age,,,,,,,,,
,conrad,dubious,superior,technical,failed,,,failed,,,,,,,,,
,chen,dreamed,lectures,considered,understanding,,,presented,,,,,,,,,
,ardent,generations,vh1,breath,presented,,,understanding,,,,,,,,,
,backstage,glancing,terrorist,brand,creature,,,creature,,,,,,,,,
,decay,shudder,variation,immediately,alien,,,alien,,,,,,,,,
,pivotal,exaggerated,gaze,issue,substantial,,,substantial,,,,,,,,,
,comparisons,conspicuous,chuckles,110,coughed,,,careful,,,,,,,,,
,followers,reconstruction,album,lifetime,aisles,,,bathroom,,,,,,,,,
,stark,rumor,sheridan,letting,hooks,,,merchant,,,,,,,,,
,crocodile,extant,stylized,travis,oliver,,,carries,,,,,,,,,
,bodily,manipulation,appropriated,comfortable,lens,,,oliver,,,,,,,,,
,proving,premise,square,carved,irresistible,,,indeed,,,,,,,,,
,restrained,log,hilary,slowly,dressed,,,dressed,,,,,,,,,
,fling,gaining,birmingham,beaten,hussein,,,ready,,,,,,,,,
,fleeting,saddam,rural,necessarily,saddam,,,permission,,,,,,,,,
,distinctions,bullets,detention,gender,operative,,,calls,,,,,,,,,
,imperfect,fears,sensitivity,gary,irrational,,,losing,,,,,,,,,
,negotiate,episodes,mojo,voices,eyelids,,,lunch,,,,,,,,,
,twilight,homage,fires,1940s,exposition,,,hear,,,,,,,,,
,nostalgia,bourgeois,utilizing,shanghai,losing,,,says,,,,,,,,,
,thrust,australia,precision,individual,directly,,,handle,,,,,,,,,
,substantive,escaped,front,steam,scribe,,,directly,,,,,,,,,
,teeth,crocodile,aspirations,nervous,chemistry,,,extensive,,,,,,,,,
,barrage,frightening,charms,gates,ralph,,,plus,,,,,,,,,
,binary,witty,gay,pushing,concludes,,,chemistry,,,,,,,,,
,believer,producers,conservative,larger,dawn,,,ralph,,,,,,,,,
,messenger,avant,lesbian,conflict,crisp,,,dawn,,,,,,,,,
,goldman,victories,suspected,contained,meaning,,,meaning,,,,,,,,,
,shapiro,corpse,garnered,advance,patch,,,control,,,,,,,,,
,participants,heroes,condition,vital,control,,,bruce,,,,,,,,,
,franklin,considerable,privy,classics,willis,,,win,,,,,,,,,
,carl,hooks,fool,craft,bruce,,,option,,,,,,,,,
,relic,confidently,underlying,ears,win,,,wrestling,,,,,,,,,
,turks,metaphysical,space,sport,creators,,,fields,,,,,,,,,
,sap,unrelated,sought,centered,slap,,,edward,,,,,,,,,
,dad,plot,superhero,hitting,doomed,,,numbers,,,,,,,,,
,vain,jumps,intellect,denied,weep,,,nation,,,,,,,,,
,zhang,exploitation,ants,although,norton,,,scream,,,,,,,,,
,southern,poses,kissing,defense,numbers,,,recognized,,,,,,,,,
,knockout,portray,stein,capacity,illuminating,,,considering,,,,,,,,,
,wryly,nonstop,pencil,mount,recognized,,,stepped,,,,,,,,,
,fable,sources,stuffing,shooting,jonah,,,garden,,,,,,,,,
,undertaken,lyrical,defiance,wave,pronounced,,,measure,,,,,,,,,
,unclear,hypnotic,pollution,dish,flavor,,,fair,,,,,,,,,
,determination,dazed,limp,walking,garden,,,strings,,,,,,,,,
,surrounding,visuals,achieving,student,freud,,,likes,,,,,,,,,
,scientists,grin,donna,language,fair,,,society,,,,,,,,,
,marilyn,futuristic,chief,develop,shining,,,return,,,,,,,,,
,craftsmen,emotion,impress,require,static,,,drawing,,,,,,,,,
,acclaimed,martial,sorrow,connect,mendes,,,mistake,,,,,,,,,
,1952,narrative,ne,military,photographed,,,sees,,,,,,,,,
,icon,progresses,solutions,toss,unprecedented,,,1980s,,,,,,,,,
,unaffected,expressing,intensely,onto,drawing,,,naked,,,,,,,,,
,minded,seduce,glucose,crosses,arbitrary,,,switch,,,,,,,,,
,unified,memoir,revelation,discuss,labeled,,,noise,,,,,,,,,
,ladder,fueled,atmospheric,floor,sees,,,shadow,,,,,,,,,
,libretto,tapestry,horizons,interpretation,easier,,,handed,,,,,,,,,
,defeated,vain,boredom,represent,darkly,,,gods,,,,,,,,,
,monument,unchanged,insistence,represents,realm,,,easier,,,,,,,,,
,minority,stakes,accurately,using,venture,,,western,,,,,,,,,
,spine,brutality,titled,exhausted,allowed,,,venture,,,,,,,,,
,shivers,sights,turmoil,emotion,fencing,,,allowed,,,,,,,,,
,environmental,illuminated,douglas,flower,gold,,,aircraft,,,,,,,,,
,fleeing,insistent,ad,glow,accurate,,,kate,,,,,,,,,
,topics,skeleton,83,killed,relevance,,,scared,,,,,,,,,
,ramsay,precious,hartley,bunch,texture,,,admit,,,,,,,,,
,converts,williams,reminder,combined,wilson,,,gold,,,,,,,,,
,fade,1937,resembling,shame,knowing,,,doubles,,,,,,,,,
,encompassing,philippe,significance,base,appreciate,,,wilson,,,,,,,,,
,hiss,enforced,anarchist,luck,pink,,,owen,,,,,,,,,
,favorably,searches,urge,shifted,derived,,,knowing,,,,,,,,,
,hurts,vague,seductive,asia,tormented,,,pink,,,,,,,,,
,clare,bombs,arrives,institution,victims,,,stare,,,,,,,,,
,146,tang,learn,girlfriend,proceedings,,,derived,,,,,,,,,
,librarian,scooped,productions,window,solemn,,,heritage,,,,,,,,,
,muse,counterparts,meaningless,flies,regret,,,victims,,,,,,,,,
,weighs,virtues,garbage,television,anchor,,,unknown,,,,,,,,,
,alfred,continuation,sink,bright,weeks,,,11,,,,,,,,,
,hitchcock,aerial,shape,recovery,11,,,weeks,,,,,,,,,
,fontaine,historically,bid,separation,e,,,supporting,,,,,,,,,
,shakespeare,philip,leone,hated,audrey,,,paint,,,,,,,,,
,weakly,reliance,newcomers,bearing,soldiers,,,improvement,,,,,,,,,
,clyde,suspects,detailed,capture,lawrence,,,e,,,,,,,,,
,wreck,decay,dean,chaos,die,,,soldiers,,,,,,,,,
,curves,pbs,pic,draft,textbook,,,listening,,,,,,,,,
,fashioned,comparatively,allison,blow,tied,,,lawrence,,,,,,,,,
,strains,operational,cloudy,operational,loosely,,,die,,,,,,,,,
,lucas,logical,hope,mechanics,operatic,,,tied,,,,,,,,,
,jolt,entity,documentaries,happened,common,,,common,,,,,,,,,
,juliet,smarter,peas,memories,limbs,,,51,,,,,,,,,
,fighters,titled,mosque,yesterday,disbelief,,,prevent,,,,,,,,,
,exchanges,context,glimpse,favorite,suspend,,,belt,,,,,,,,,
,staggered,homework,queen,cult,honesty,,,joe,,,,,,,,,
,suspects,schneider,anne,quick,traditions,,,similarly,,,,,,,,,
,functions,profile,sway,hall,efficient,,,protect,,,,,,,,,
,invincible,endurance,sylvie,heard,curling,,,traditions,,,,,,,,,
,forcefully,diva,politically,letter,pbs,,,field,,,,,,,,,
,combustion,elemental,eponymous,inspiration,merits,,,medicine,,,,,,,,,
,sketches,troubled,mysteries,category,medicine,,,jeremy,,,,,,,,,
,barlow,pollution,lingered,brush,field,,,investigation,,,,,,,,,
,buried,lectures,attackers,recognize,elephant,,,turning,,,,,,,,,
,copenhagen,cleavage,tunnels,artists,dreadful,,,tongue,,,,,,,,,
,coping,storytelling,anonymous,awareness,contradictory,,,rated,,,,,,,,,
,neighborhood,climate,technologies,mortal,turning,,,swedish,,,,,,,,,
,winger,vampire,primitive,opportunities,endings,,,50,,,,,,,,,
,cloak,muse,olivier,intent,tongue,,,daughter,,,,,,,,,
,eccentric,proficiency,laurence,swear,bergman,,,follows,,,,,,,,,
,reagan,sentiment,calculus,seated,approaches,,,dinner,,,,,,,,,
,damon,romero,groan,invasion,effortlessly,,,students,,,,,,,,,
,163,backstage,confined,spider,daughter,,,closest,,,,,,,,,
,iii,experiment,freddie,breaks,students,,,anger,,,,,,,,,
,charles,documented,harvard,establishing,sparks,,,brother,,,,,,,,,
,proposal,moat,encompasses,design,cumulative,,,dangerous,,,,,,,,,
,eventual,proceedings,contender,hospital,visionary,,,confused,,,,,,,,,
,commands,recalling,newfoundland,volume,abel,,,necessary,,,,,,,,,
,heavyweight,illusion,reynolds,setting,ferrara,,,headed,,,,,,,,,
,endangered,prominently,shapes,scott,confused,,,uncle,,,,,,,,,
,unpaid,arresting,aboriginal,campbell,reliance,,,academy,,,,,,,,,
,precise,cumulative,tomorrow,ideal,weighted,,,3,,,,,,,,,
,rash,darkest,depleted,body,necessary,,,salt,,,,,,,,,
,chaplin,amused,decomposition,stretch,toilet,,,mexican,,,,,,,,,
,fiercely,thirst,swaying,thousands,equation,,,saved,,,,,,,,,
,exception,grasping,forth,vietnamese,molina,,,blame,,,,,,,,,
,courtroom,chen,collected,influence,kang,,,adams,,,,,,,,,
,assault,groove,accompanying,theories,hatred,,,shell,,,,,,,,,
,exhaustion,curling,injuries,dragged,arresting,,,eighth,,,,,,,,,
,installment,playfully,strategic,divorce,idol,,,until,,,,,,,,,
,grenade,intensity,helm,hidden,adams,,,soul,,,,,,,,,
,discoveries,ramsay,philosophers,buying,craven,,,religion,,,,,,,,,
,inhabitants,evolved,ritchie,tickets,nightmare,,,warriors,,,,,,,,,
,region,echoes,extra,variant,until,,,independent,,,,,,,,,
,franco,respecting,checking,department,soul,,,jennifer,,,,,,,,,
,seas,approaches,bonding,land,warriors,,,lowered,,,,,,,,,
,christianity,sheds,miniseries,washed,transparent,,,gang,,,,,,,,,
,activism,attracting,governmental,captured,relate,,,slip,,,,,,,,,
,shaking,invention,disciplined,equal,accidental,,,superior,,,,,,,,,
,salvage,debated,ironic,defined,hewitt,,,regarding,,,,,,,,,
,ties,develop,endurance,handful,inadequate,,,larry,,,,,,,,,
,hawk,innovation,tightened,serving,adrenaline,,,gaze,,,,,,,,,
,triangles,auditorium,collaborative,sara,preserving,,,album,,,,,,,,,
,cultures,academy,ai,realizing,tendency,,,square,,,,,,,,,
,injustice,portraying,continuity,gallery,lectures,,,rural,,,,,,,,,
,walsh,nominated,errors,warfare,vh1,,,birmingham,,,,,,,,,
,eileen,cloak,ambrose,closed,terrorist,,,rules,,,,,,,,,
,taut,1960s,leaps,primarily,gaze,,,89,,,,,,,,,
,robinson,twisted,unnamed,fail,chuckles,,,average,,,,,,,,,
,discreet,editorial,sexes,vehicle,album,,,guy,,,,,,,,,
,disabled,affluent,rival,release,sheridan,,,described,,,,,,,,,
,partnership,acquire,ambition,changes,stylized,,,flight,,,,,,,,,
,mined,fiji,abdul,thick,appropriated,,,israel,,,,,,,,,
,glass,finale,malik,awarded,square,,,practical,,,,,,,,,
,flashbacks,hurley,ernest,information,hilary,,,possibly,,,,,,,,,
,scratching,hitch,abbott,movement,birmingham,,,front,,,,,,,,,
,pause,anatomical,improvised,roughly,rural,,,thirty,,,,,,,,,
,tabloid,swan,tapestry,competition,disagree,,,conservative,,,,,,,,,
,mystical,incarnation,dozen,mother,expecting,,,gay,,,,,,,,,
,darkest,casting,roles,featured,sensitivity,,,racing,,,,,,,,,
,derive,susceptible,heights,hits,muddy,,,suspected,,,,,,,,,
,saga,comedic,mischievous,cost,guy,,,condition,,,,,,,,,
,screwing,restrained,ambiguity,radical,flight,,,space,,,,,,,,,
,tinged,nationwide,particular,de,deliberately,,,sought,,,,,,,,,
,playoff,marine,symbolic,portuguese,shoots,,,sam,,,,,,,,,
,arrest,orchestrated,assert,hundred,utilizing,,,simultaneously,,,,,,,,,
,distances,linking,contenders,exact,precision,,,seattle,,,,,,,,,
,appeals,grabs,freedom,tells,possibly,,,kissing,,,,,,,,,
,manipulating,privy,russell,hook,front,,,electric,,,,,,,,,
,barry,preaching,donovan,1993,thirty,,,josh,,,,,,,,,
,hypothesis,graves,irwin,scottish,aspirations,,,profile,,,,,,,,,
,releasing,champion,procedural,invited,charms,,,receiving,,,,,,,,,
,elemental,chuckle,excess,displays,conservative,,,chief,,,,,,,,,
,prey,exercises,train,cherry,garnered,,,famous,,,,,,,,,
,arc,genres,schneider,state,privy,,,lover,,,,,,,,,
,grinning,terrorist,crypt,sunshine,condition,,,solutions,,,,,,,,,
,18,boredom,mist,tom,underlying,,,object,,,,,,,,,
,needy,feminine,peek,classroom,space,,,believed,,,,,,,,,
,prostitute,urgently,protagonist,prospect,sought,,,crew,,,,,,,,,
,radioactive,unpaid,patriotic,tank,superhero,,,hole,,,,,,,,,
,destructive,addresses,hardened,baby,intellect,,,finding,,,,,,,,,
,demonic,rejection,origins,theory,simultaneously,,,block,,,,,,,,,
,crane,irvine,aesthetics,wall,kissing,,,titled,,,,,,,,,
,waking,sustained,nazi,duck,seattle,,,baseball,,,,,,,,,
,poking,confuse,yiddish,catch,pencil,,,nights,,,,,,,,,
,law,refers,bouncing,dedicated,electric,,,earn,,,,,,,,,
,holmes,discontent,burst,asian,stuffing,,,douglas,,,,,,,,,
,convictions,splashed,crack,painting,defiance,,,ad,,,,,,,,,
,populace,exasperated,practiced,reasons,pollution,,,yours,,,,,,,,,
,disastrous,messenger,weary,regular,achieving,,,83,,,,,,,,,
,behave,dominant,clocks,bought,famous,,,returns,,,,,,,,,
,journalist,insight,annals,numbered,chief,,,significance,,,,,,,,,
,excursion,stimulate,forceful,protective,impress,,,destroy,,,,,,,,,
,exasperated,pleasures,innovations,marine,sorrow,,,learn,,,,,,,,,
,venice,heavyweight,despair,agreed,intensely,,,margin,,,,,,,,,
,mika,miraculous,pardon,seat,object,,,productions,,,,,,,,,
,fallon,cheerfully,pun,wife,glucose,,,writes,,,,,,,,,
,forgiveness,disturbance,replaced,incredible,revelation,,,responsibility,,,,,,,,,
,groove,depleted,executives,cox,believed,,,sink,,,,,,,,,
,prose,lucas,hoped,500,atmospheric,,,shape,,,,,,,,,
,cinematographer,marking,connected,martin,horizons,,,rescue,,,,,,,,,
,stevens,disabilities,chronicles,granted,accurately,,,sugar,,,,,,,,,
,jealous,marshall,clint,details,titled,,,bid,,,,,,,,,
,astronaut,restrictive,elbows,adding,choices,,,detailed,,,,,,,,,
,mtv,hysteria,commended,meeting,baseball,,,essential,,,,,,,,,
,hysteria,harvard,illustrating,empire,turmoil,,,organic,,,,,,,,,
,conan,jerking,matters,strikes,ad,,,dean,,,,,,,,,
,resentment,renewal,cop,resident,succeed,,,foster,,,,,,,,,
,cadence,gently,whale,experienced,83,,,hope,,,,,,,,,
,hypnotic,writes,michele,lighter,hartley,,,delhi,,,,,,,,,
,welsh,viewed,bitterly,bowl,swallow,,,specialized,,,,,,,,,
,rounded,christopher,lower,treasure,resembling,,,sits,,,,,,,,,
,goose,puppets,athlete,rivals,returns,,,queen,,,,,,,,,
,stuart,provoke,image,worship,significance,,,anne,,,,,,,,,
,siegel,crossroads,splash,concern,mandy,,,rice,,,,,,,,,
,parochial,monty,ambiguous,thinks,anarchist,,,super,,,,,,,,,
,phenomena,charlie,combat,repeated,destroy,,,dominated,,,,,,,,,
,friendships,backward,expose,bear,learn,,,charged,,,,,,,,,
,philip,flaw,prejudice,advantage,margin,,,1980,,,,,,,,,
,ensure,heightened,enigma,month,productions,,,adam,,,,,,,,,
,fragmented,cheat,screenwriter,voting,meaningless,,,finishing,,,,,,,,,
,enhancing,comedian,reversal,happens,sugar,,,technologies,,,,,,,,,
,feral,dover,kazan,opening,leone,,,technique,,,,,,,,,
,uncomfortable,mel,chiefly,1899,bucks,,,gun,,,,,,,,,
,decommissioned,literature,drive,homes,cloudy,,,taylor,,,,,,,,,
,presenting,magician,yearning,realized,hope,,,harvard,,,,,,,,,
,forbidden,workplace,singing,innovative,documentaries,,,aspect,,,,,,,,,
,ordeal,adrenaline,lifeless,areas,peas,,,tomorrow,,,,,,,,,
,humiliated,scripts,scale,angry,delhi,,,gently,,,,,,,,,
,451,reid,near,tactics,mosque,,,forth,,,,,,,,,
,beaches,recording,framing,campus,glimpse,,,collected,,,,,,,,,
,numb,carmen,spreads,conduct,anne,,,injuries,,,,,,,,,
,1957,document,rumor,rooms,queen,,,strategic,,,,,,,,,
,sacrifices,pedestal,element,statements,loser,,,hotel,,,,,,,,,
,consciously,exchanges,magical,blanket,super,,,occasion,,,,,,,,,
,asphalt,trusts,alternately,kiss,sylvie,,,extra,,,,,,,,,
,cho,hastily,hopeful,evening,politically,,,hundreds,,,,,,,,,
,grim,unexpectedly,flag,saving,eponymous,,,paying,,,,,,,,,
,retiring,emergence,apparatus,horrible,mysteries,,,gotten,,,,,,,,,
,writers,precisely,mechanical,awkward,lodging,,,13,,,,,,,,,
,tolkien,edward,compatible,yard,adam,,,unit,,,,,,,,,
,longtime,intellectuals,depiction,speed,attackers,,,sent,,,,,,,,,
,twisting,clumsy,japan,fairy,tunnels,,,boundaries,,,,,,,,,
,littered,highs,embraced,received,anonymous,,,300,,,,,,,,,
,experimental,harmless,realities,alabama,technologies,,,j,,,,,,,,,
,methodology,coping,aids,blonde,technique,,,sight,,,,,,,,,
,cleavage,swiftly,harlem,producer,primitive,,,shut,,,,,,,,,
,reaches,satin,1986,executive,laurence,,,stretched,,,,,,,,,
,youthful,betrayed,anywhere,abroad,olivier,,,brief,,,,,,,,,
,inhabit,limitations,fide,encourage,groan,,,rival,,,,,,,,,
,expanse,introduces,born,international,gun,,,bomb,,,,,,,,,
,predict,goldberg,hug,traveled,confined,,,refused,,,,,,,,,
,villains,hampered,repetition,impact,prevalent,,,dozen,,,,,,,,,
,servants,convey,rivalry,millions,freddie,,,roles,,,,,,,,,
,explosive,considers,etched,eager,taylor,,,reaching,,,,,,,,,
,nemesis,improvisation,agile,prime,harvard,,,heights,,,,,,,,,
,remembrance,recognizes,proficient,tales,encompasses,,,suggest,,,,,,,,,
,lina,argentine,tuck,deaths,newfoundland,,,stronger,,,,,,,,,
,shriek,fide,victim,ice,reynolds,,,focuses,,,,,,,,,
,tame,sacrifices,symbols,cream,shapes,,,particular,,,,,,,,,
,superstar,fairy,denial,cannon,aboriginal,,,putting,,,,,,,,,
,error,musicians,wow,snow,depleted,,,executed,,,,,,,,,
,collaboration,appearing,factors,form,tomorrow,,,tough,,,,,,,,,
,germanic,envelope,paxton,julie,decomposition,,,freedom,,,,,,,,,
,1960s,aspirations,resistance,fish,swaying,,,russell,,,,,,,,,
,sustained,misunderstood,forster,photo,gently,,,mask,,,,,,,,,
,keel,illustrated,levy,missed,forth,,,exit,,,,,,,,,
,tolerance,israel,championship,yu,injuries,,,strip,,,,,,,,,
,prowess,stripe,stroked,refugees,accompanying,,,train,,,,,,,,,
,preaching,willingness,strokes,age,strategic,,,steve,,,,,,,,,
,desires,conquer,vin,failed,helm,,,nazi,,,,,,,,,
,reportedly,stretches,brains,presented,philosophers,,,origins,,,,,,,,,
,hal,keel,furiously,understanding,ritchie,,,decade,,,,,,,,,
,dimensional,innocent,banged,creature,hundreds,,,completion,,,,,,,,,
,disposition,teasing,athletes,alien,inconsistent,,,burst,,,,,,,,,
,liability,brink,roots,quest,bonding,,,sub,,,,,,,,,
,tackled,producing,labor,substantial,governmental,,,cup,,,,,,,,,
,organizing,infectious,posthumously,careful,disciplined,,,town,,,,,,,,,
,departments,mtv,published,bathroom,reminding,,,formal,,,,,,,,,
,developments,wilder,screenings,varying,endurance,,,accessible,,,,,,,,,
,discussion,thirteen,canon,merchant,tightened,,,replaced,,,,,,,,,
,byzantine,extravagant,grown,carries,collaborative,,,hoped,,,,,,,,,
,barrie,willis,flesh,oliver,13,,,1999,,,,,,,,,
,experiment,conceptual,drastic,indeed,ai,,,pride,,,,,,,,,
,myrtle,bluff,capturing,lens,continuity,,,distinction,,,,,,,,,
,promenade,wallace,fantasies,promising,unit,,,connected,,,,,,,,,
,affinity,afghan,illness,dressed,tailor,,,trip,,,,,,,,,
,marching,surrounds,metaphysical,ready,ambrose,,,fifty,,,,,,,,,
,percussion,indifference,echoes,permission,leaps,,,procedure,,,,,,,,,
,ninth,recreation,jordan,calls,til,,,definition,,,,,,,,,
,develops,adventures,canadians,exposition,sandwich,,,knees,,,,,,,,,
,obscured,revealing,controversy,losing,j,,,matters,,,,,,,,,
,ballot,album,monsters,lunch,unnamed,,,q,,,,,,,,,
,cheered,reveal,rally,hear,sight,,,lower,,,,,,,,,
,integrating,helm,psychotic,says,sexes,,,entered,,,,,,,,,
,nouvelle,submarine,generating,handle,stretched,,,image,,,,,,,,,
,bluff,bracing,cabins,directly,brief,,,van,,,,,,,,,
,harvey,gaps,astronauts,extensive,ambition,,,arnold,,,,,,,,,
,wreckage,salvage,dimensions,monitor,malik,,,combat,,,,,,,,,
,pearl,revenge,duly,plus,abdul,,,fortune,,,,,,,,,
,interrogation,actress,launching,chemistry,ernest,,,drive,,,,,,,,,
,huskies,adaptations,rigid,ralph,abbott,,,lion,,,,,,,,,
,discarded,actresses,devastation,dawn,improvised,,,winner,,,,,,,,,
,scooped,subjects,portraying,gibson,tapestry,,,captain,,,,,,,,,
,humming,engulfed,disease,meaning,gel,,,jump,,,,,,,,,
,ticking,purity,classification,control,noticeably,,,advice,,,,,,,,,
,millennium,tides,revenge,patch,roles,,,singing,,,,,,,,,
,assassins,sundance,cheek,bruce,heights,,,raise,,,,,,,,,
,overview,ops,ham,win,mischievous,,,scale,,,,,,,,,
,motionless,depict,sundance,option,ambiguity,,,near,,,,,,,,,
,crossroads,architect,smirk,wrestling,symbolic,,,sons,,,,,,,,,
,clash,tackled,phillip,fields,downhill,,,herself,,,,,,,,,
,undercover,screenings,references,edward,slides,,,francisco,,,,,,,,,
,prisoners,prince,skyscraper,numbers,executed,,,angels,,,,,,,,,
,prolific,freight,clouds,nation,contenders,,,emerged,,,,,,,,,
,spins,grounded,narration,scream,tough,,,element,,,,,,,,,
,lunar,teaming,prolonged,recognized,lean,,,opposite,,,,,,,,,
,emergence,complexity,opened,considering,feathers,,,flowers,,,,,,,,,
,1975,wherein,pairing,punch,stellar,,,al,,,,,,,,,
,derek,eventual,composed,stepped,russell,,,henry,,,,,,,,,
,capability,hollow,literal,pronounced,asset,,,et,,,,,,,,,
,soothe,strengths,rejected,garden,exit,,,fly,,,,,,,,,
,normally,temple,suggests,measure,irwin,,,flag,,,,,,,,,
,sources,composition,richly,fair,pleas,,,bush,,,,,,,,,
,gifford,puzzled,perform,strings,procedural,,,12th,,,,,,,,,
,disturbance,pantheon,flatly,shining,strip,,,mechanical,,,,,,,,,
,plausible,recycled,kendall,likes,schneider,,,dropped,,,,,,,,,
,skeleton,reduces,principles,society,steve,,,japan,,,,,,,,,
,bender,sought,smackdown,return,crypt,,,resolution,,,,,,,,,
,precedent,achievement,atrocities,drawing,mist,,,attack,,,,,,,,,
,catastrophic,structured,mythology,mistake,peek,,,collective,,,,,,,,,
,nair,combines,benefited,sees,protagonist,,,reached,,,,,,,,,
,boardwalk,wildlife,directs,1980s,celebrate,,,contributed,,,,,,,,,
,pact,devote,snap,naked,patriotic,,,1986,,,,,,,,,
,analysis,fury,extravagant,switch,origins,,,anywhere,,,,,,,,,
,grave,blade,swings,noise,yiddish,,,born,,,,,,,,,
,crushing,chan,1938,shadow,burst,,,firmly,,,,,,,,,
,split,stranger,holden,handed,weary,,,8,,,,,,,,,
,fragment,evolution,wince,gods,sub,,,opinion,,,,,,,,,
,pornographic,homosexual,leaping,easier,annals,,,knowledge,,,,,,,,,
,frontal,chemistry,traits,western,forceful,,,singles,,,,,,,,,
,fused,undoubtedly,oppressive,assignment,town,,,league,,,,,,,,,
,playfully,chilling,gore,venture,innovations,,,victim,,,,,,,,,
,losses,predecessor,nicolas,enters,formal,,,factors,,,,,,,,,
,broader,ninth,cage,realm,despair,,,awards,,,,,,,,,
,bestowed,disbelief,confronting,allowed,accessible,,,resistance,,,,,,,,,
,waldo,enthusiasts,paranoia,aircraft,pardon,,,artistic,,,,,,,,,
,confront,crises,phenomenon,kate,replaced,,,pleased,,,,,,,,,
,blazing,flashbacks,viewpoint,scared,pun,,,armed,,,,,,,,,
,familiarity,poverty,diary,admit,sucked,,,championship,,,,,,,,,
,carmichael,backseat,leap,gold,executives,,,employment,,,,,,,,,
,melanie,accomplishment,fuels,accurate,hoped,,,cricket,,,,,,,,,
,interests,terror,freighter,doubles,mothers,,,explain,,,,,,,,,
,victorious,rises,backdrop,jackie,trip,,,athletes,,,,,,,,,
,revolutionaries,comparisons,stretches,wilson,illustrating,,,roots,,,,,,,,,
,exiled,miniseries,guts,owen,commended,,,investment,,,,,,,,,
,aristocracy,crosses,expressing,knowing,matters,,,joined,,,,,,,,,
,hounds,uncanny,ecstasy,appreciate,whale,,,labor,,,,,,,,,
,iranian,diversion,key,pink,michele,,,published,,,,,,,,,
,fledgling,woodland,wonders,stare,bitterly,,,le,,,,,,,,,
,presiding,ensemble,stalked,derived,lower,,,grown,,,,,,,,,
,column,newcomer,emphasizes,heritage,q,,,flesh,,,,,,,,,
,jacket,quentin,murders,victims,admitting,,,illness,,,,,,,,,
,lose,tu,serial,unknown,athlete,,,reviews,,,,,,,,,
,macbeth,lodging,conception,proceedings,splash,,,jordan,,,,,,,,,
,bible,proportions,breathing,adds,ambiguous,,,controversy,,,,,,,,,
,ineffective,bernard,evelyn,regret,combat,,,winds,,,,,,,,,
,influential,mysteries,embrace,anchor,expose,,,europe,,,,,,,,,
,goldberg,portrays,sonny,siblings,prejudice,,,landing,,,,,,,,,
,elm,unsuccessfully,delicately,11,screenwriter,,,academic,,,,,,,,,
,guilt,garde,media,weeks,enigma,,,silver,,,,,,,,,
,conflicts,province,forum,supporting,kazan,,,93,,,,,,,,,
,charitable,lectured,memoir,paint,reversal,,,eleven,,,,,,,,,
,uniquely,editor,sublime,improvement,chiefly,,,disease,,,,,,,,,
,contributions,cad,scarcely,soldiers,winner,,,classification,,,,,,,,,
,joan,83,expressive,listening,yearning,,,closer,,,,,,,,,
,pinnacle,compelling,provoked,lawrence,captain,,,revenge,,,,,,,,,
,swirling,translating,breaking,die,raise,,,cheek,,,,,,,,,
,armchair,suicidal,tenor,tied,near,,,specifically,,,,,,,,,
,classified,optimism,mourning,common,framing,,,returning,,,,,,,,,
,probation,worm,debate,51,spreads,,,rob,,,,,,,,,
,yields,rooted,adultery,prevent,rumor,,,references,,,,,,,,,
,mankind,canadians,rampant,belt,brooks,,,succeeded,,,,,,,,,
,wasp,godfrey,wind,joe,magical,,,jersey,,,,,,,,,
,weber,gong,fusion,similarly,alternately,,,guess,,,,,,,,,
,stud,scientific,kingsley,protect,hopeful,,,promised,,,,,,,,,
,terrorism,valentine,molly,traditions,flowers,,,opened,,,,,,,,,
,sociology,inquiry,modeled,efficient,flag,,,record,,,,,,,,,
,solo,1950s,stalking,field,al,,,rolling,,,,,,,,,
,conversion,fuels,puff,medicine,12th,,,princess,,,,,,,,,
,slapping,miracles,successor,jeremy,mechanical,,,composed,,,,,,,,,
,hazy,impacts,rewards,investigation,compatible,,,rejected,,,,,,,,,
,attracting,android,successfully,turning,depiction,,,settled,,,,,,,,,
,clones,define,60,tongue,japan,,,suggests,,,,,,,,,
,debts,grim,shear,rated,embraced,,,neck,,,,,,,,,
,criminals,hack,hack,swedish,realities,,,perform,,,,,,,,,
,urges,penetrating,chest,approaches,aids,,,foreign,,,,,,,,,
,destruction,symbols,volatile,50,harlem,,,principles,,,,,,,,,
,gracefully,affectionately,notorious,daughter,pitched,,,fifth,,,,,,,,,
,cheerfully,myers,indefinitely,follows,repetition,,,therefore,,,,,,,,,
,moat,effortlessly,jar,dinner,8,,,appeared,,,,,,,,,
,chicken,lau,resolutions,strictly,knowledge,,,1938,,,,,,,,,
,rooted,roster,choreographed,students,etched,,,lying,,,,,,,,,
,bourgeois,apex,rap,closest,league,,,lily,,,,,,,,,
,provincial,tunnels,promotion,anger,agile,,,luis,,,,,,,,,
,contrasting,flesh,bow,brother,proficient,,,eventually,,,,,,,,,
,demographic,significance,rhetoric,hammer,tuck,,,content,,,,,,,,,
,explosions,cows,haynes,dangerous,symbols,,,pool,,,,,,,,,
,ye,workshop,notable,confused,denial,,,streets,,,,,,,,,
,landscapes,developments,wartime,necessary,wow,,,kingdom,,,,,,,,,
,lore,cultures,downward,headed,factors,,,fist,,,,,,,,,
,suddenly,paralyzed,spiral,uncle,paxton,,,six,,,,,,,,,
,terrorists,problematic,teens,academy,artistic,,,key,,,,,,,,,
,introduces,solemn,hannibal,equation,resistance,,,sessions,,,,,,,,,
,thinkers,shocks,inclination,salt,forster,,,serial,,,,,,,,,
,orbits,spirituality,terrified,mexican,levy,,,broadcast,,,,,,,,,
,inevitably,activism,whimper,trumpet,championship,,,breathing,,,,,,,,,
,portraits,vital,tract,saved,stroked,,,station,,,,,,,,,
,reassure,nicholson,paradigm,blame,strokes,,,hearing,,,,,,,,,
,alleged,harvey,permitting,prevention,vin,,,media,,,,,,,,,
,demonstration,facades,cartoon,adams,banged,,,forum,,,,,,,,,
,ragged,sly,stopped,shell,furiously,,,producers,,,,,,,,,
,enacted,moan,66,eighth,labor,,,basis,,,,,,,,,
,annex,pacing,omitted,soul,posthumously,,,household,,,,,,,,,
,pristine,fictional,splitting,religion,published,,,evidence,,,,,,,,,
,revived,literary,biting,warriors,screenings,,,discussed,,,,,,,,,
,overture,bitterly,isabelle,independent,escort,,,glasses,,,,,,,,,
,testing,stitch,severe,jennifer,overwhelmed,,,sun,,,,,,,,,
,linking,meditation,unnoticed,voyage,canon,,,forms,,,,,,,,,
,moaning,weave,unconventional,lowered,grown,,,breaking,,,,,,,,,
,fellowship,survival,turbulent,gang,flesh,,,explosion,,,,,,,,,
,framework,sexually,egypt,slip,capturing,,,south,,,,,,,,,
,naive,pornography,prince,superior,fantasies,,,jr,,,,,,,,,
,detective,creators,racial,lectures,illness,,,debate,,,,,,,,,
,kurt,slippery,homicide,regarding,metaphysical,,,wind,,,,,,,,,
,lullaby,endings,cinderella,terrorist,collectively,,,majority,,,,,,,,,
,temple,humming,pants,larry,echoes,,,folk,,,,,,,,,
,scoring,lark,harrison,variation,canadians,,,successor,,,,,,,,,
,collar,consciously,banquet,gaze,controversy,,,successfully,,,,,,,,,
,seasonal,amid,evolve,album,calculated,,,60,,,,,,,,,
,pearce,psychedelic,jumps,square,rally,,,chest,,,,,,,,,
,ke,espionage,engages,rural,psychotic,,,extension,,,,,,,,,
,forefront,youthful,walt,birmingham,cabins,,,kitchen,,,,,,,,,
,divisions,stereo,steamboat,rules,astronauts,,,ballet,,,,,,,,,
,nonfiction,triangle,willie,expecting,dimensions,,,jay,,,,,,,,,
,smeared,heal,gift,89,devastation,,,September,,,,,,,,,
,self,ninety,discontent,average,portraying,,,association,,,,,,,,,
,effectiveness,defiant,deepest,guy,classification,,,basketball,,,,,,,,,
,graves,93,physical,fires,revenge,,,joint,,,,,,,,,
,configurations,nomination,evans,described,ham,,,promotion,,,,,,,,,
,contentious,artworks,overlapping,flight,cheek,,,bow,,,,,,,,,
,apocalypse,pulse,collateral,deliberately,sundance,,,notable,,,,,,,,,
,juice,inclination,skinny,israel,phillip,,,driver,,,,,,,,,
,generations,undone,paranormal,michel,references,,,instance,,,,,,,,,
,deeds,telescope,archive,practical,skyscraper,,,exists,,,,,,,,,
,principals,conclusions,thumbs,possibly,jersey,,,tea,,,,,,,,,
,margins,endeavors,specific,front,unlimited,,,8th,,,,,,,,,
,blues,suspense,stills,thirty,clouds,,,placing,,,,,,,,,
,rigged,cheered,grasp,conservative,narration,,,stopped,,,,,,,,,
,valiant,brit,rattling,gay,prolonged,,,66,,,,,,,,,
,springer,1975,maiden,racing,record,,,belgium,,,,,,,,,
,refers,conscience,portions,suspected,junk,,,guide,,,,,,,,,
,shadows,exploration,insignificant,condition,anticipated,,,severe,,,,,,,,,
,hitler,footage,examines,sooner,composed,,,policy,,,,,,,,,
,alexandre,sequel,band,fool,rejected,,,decision,,,,,,,,,
,writings,prejudice,21st,kenneth,richly,,,facing,,,,,,,,,
,jagger,wo,tense,space,perform,,,1998,,,,,,,,,
,afterlife,pornographic,dismay,sought,flatly,,,prince,,,,,,,,,
,thirteen,acknowledges,explores,item,kendall,,,egypt,,,,,,,,,
,plagued,souls,string,hurry,principles,,,twenty,,,,,,,,,
,documenting,tales,horse,arrow,smackdown,,,entry,,,,,,,,,
,fragile,blair,sleep,sam,atrocities,,,racial,,,,,,,,,
,raymond,bollywood,steals,simultaneously,mythology,,,due,,,,,,,,,
,teaming,editing,reinforcement,seattle,benefited,,,drop,,,,,,,,,
,diversity,assumes,distinguish,kissing,directs,,,pants,,,,,,,,,
,trials,combining,exploit,jessica,snap,,,harrison,,,,,,,,,
,ace,beings,instincts,bang,childish,,,o,,,,,,,,,
,traces,earnest,malcolm,electric,extravagant,,,gift,,,,,,,,,
,pedestal,slender,ridley,josh,1938,,,physical,,,,,,,,,
,paralyzed,shifting,roman,profile,holden,,,earned,,,,,,,,,
,werner,variant,ideology,receiving,wince,,,evans,,,,,,,,,
,pornography,astronaut,holocaust,chief,leaping,,,benefits,,,,,,,,,
,brutality,brutally,streamed,famous,lying,,,primary,,,,,,,,,
,toys,sanders,iran,lover,oppressive,,,targets,,,,,,,,,
,marred,swings,facades,mario,nicolas,,,wondering,,,,,,,,,
,impetus,vu,anchors,solutions,erratic,,,accompanied,,,,,,,,,
,mermaid,myth,expects,object,confronting,,,specific,,,,,,,,,
,imposed,tnt,gloom,believed,paranoia,,,conditions,,,,,,,,,
,castro,irresistible,dizzy,crew,phenomenon,,,suggested,,,,,,,,,
,zoning,skyscraper,hideous,hole,eventually,,,higher,,,,,,,,,
,bai,aids,patting,finding,viewpoint,,,maintained,,,,,,,,,
,critique,dungeons,throbbing,block,content,,,decline,,,,,,,,,
,obligation,successor,yielded,titled,diary,,,band,,,,,,,,,
,prologue,reflective,myth,choices,mild,,,21st,,,,,,,,,
,resources,phenomena,heroic,baseball,stays,,,trapped,,,,,,,,,
,perch,giggles,hicks,nights,fuels,,,bands,,,,,,,,,
,triple,forwards,hatfield,earn,freighter,,,rapidly,,,,,,,,,
,antonia,assert,sprung,douglas,backdrop,,,beijing,,,,,,,,,
,nuclear,deeds,california,ad,stretches,,,string,,,,,,,,,
,enlightenment,lengths,humidity,succeed,expressing,,,horse,,,,,,,,,
,thoughtfully,creeping,expressions,83,clown,,,sleep,,,,,,,,,
,hates,philosophers,award,returns,key,,,latin,,,,,,,,,
,powerhouse,linear,appearing,significance,wonders,,,remained,,,,,,,,,
,critically,comprehend,televised,destroy,six,,,confidence,,,,,,,,,
,searches,sustain,chord,urge,ecstasy,,,roman,,,,,,,,,
,leigh,sparked,struck,learn,stalked,,,iran,,,,,,,,,
,dave,brilliance,morals,margin,bug,,,yellow,,,,,,,,,
,flopped,intelligence,chronicle,arrives,emphasizes,,,talks,,,,,,,,,
,ram,intensely,vaudeville,productions,sessions,,,stone,,,,,,,,,
,perennial,unconventional,parker,writes,murders,,,couples,,,,,,,,,
,ransom,weighted,flowering,responsibility,serial,,,golden,,,,,,,,,
,illustrated,stroked,testosterone,sink,conception,,,california,,,,,,,,,
,intern,outward,evolved,shape,accomplishment,,,tail,,,,,,,,,
,firth,jolt,serials,rescue,evelyn,,,3d,,,,,,,,,
,vampires,foolish,jolted,sugar,embrace,,,award,,,,,,,,,
,lucia,meaningless,runner,curse,sonny,,,appearing,,,,,,,,,
,fluttering,participants,cousin,bid,station,,,president,,,,,,,,,
,lyrics,soundtrack,slender,detailed,delicately,,,struck,,,,,,,,,
,heartbreak,debut,kaufman,essential,hearing,,,economic,,,,,,,,,
,liner,defend,masculine,organic,forum,,,parker,,,,,,,,,
,gliding,hardy,humanist,dean,memoir,,,dr,,,,,,,,,
,seater,metaphor,adaptations,rebel,basis,,,couch,,,,,,,,,
,australia,discoveries,satin,foster,scarcely,,,strategy,,,,,,,,,
,stitch,narrated,rouge,hope,bouquet,,,runner,,,,,,,,,
,assets,credible,ripe,delhi,cure,,,cousin,,,,,,,,,
,,opaque,integrated,specialized,expressive,,,tables,,,,,,,,,
,,comprehension,speculative,mosque,provoked,,,diamond,,,,,,,,,
,,weighs,successes,sits,tenor,,,marketing,,,,,,,,,
,,mischievous,baird,queen,mourning,,,fellow,,,,,,,,,
,,exceeding,store,anne,adultery,,,education,,,,,,,,,
,,ideally,extant,rice,rampant,,,und,,,,,,,,,
,,athlete,characterized,super,kingsley,,,rick,,,,,,,,,
,,spanning,pre,dominated,molly,,,2,,,,,,,,,
,,involving,post,charged,beasts,,,trail,,,,,,,,,
,,universal,bronze,1980,successor,,,integrated,,,,,,,,,
,,adhere,scratch,adam,shear,,,editor,,,,,,,,,
,,geneva,cardiac,finishing,hack,,,store,,,,,,,,,
,,sway,marquis,technologies,chest,,,post,,,,,,,,,
,,emphasizing,menace,surveillance,bitten,,,pre,,,,,,,,,
,,catalytic,phantom,technique,volatile,,,characterized,,,,,,,,,
,,destruction,nerves,gun,fiery,,,stayed,,,,,,,,,
,,photographed,relying,taylor,resolutions,,,bronze,,,,,,,,,
,,unprecedented,yank,harvard,kitchen,,,begun,,,,,,,,,
,,amp,nick,reynolds,bow,,,formed,,,,,,,,,
,,drastic,choke,extends,rap,,,physician,,,,,,,,,
,,startling,leash,aspect,rhetoric,,,nick,,,,,,,,,
,,revelation,signals,aboriginal,haynes,,,whenever,,,,,,,,,
,,verve,intro,tomorrow,overwhelming,,,concerning,,,,,,,,,
,,vampires,manifesto,gently,wartime,,,signals,,,,,,,,,
,,emerge,topical,forth,spiral,,,background,,,,,,,,,
,,collaborative,background,collected,downward,,,clothes,,,,,,,,,
,,boardwalk,duel,injuries,teens,,,sale,,,,,,,,,
,,bourne,swiftly,strategic,hannibal,,,plastic,,,,,,,,,
,,principles,traffic,define,inclination,,,garage,,,,,,,,,
,,secondary,wanderers,hotel,whimper,,,traffic,,,,,,,,,
,,expanse,equilibrium,chelsea,permitting,,,prepare,,,,,,,,,
,,ideology,engaged,occasion,paradigm,,,shown,,,,,,,,,
,,firth,calculating,extra,repeatedly,,,hiding,,,,,,,,,
,,exploits,criticizing,checking,stopped,,,engaged,,,,,,,,,
,,airs,295,hundreds,omitted,,,threatened,,,,,,,,,
,,lending,1958,paying,splitting,,,listen,,,,,,,,,
,,conceal,turf,gotten,isabelle,,,paintings,,,,,,,,,
,,charms,fingered,tightened,unnoticed,,,months,,,,,,,,,
,,movements,races,13,unconventional,,,1958,,,,,,,,,
,,battles,amassed,apollo,turbulent,,,races,,,,,,,,,
,,shimmering,curiously,ai,egypt,,,literature,,,,,,,,,
,,lina,luther,unit,twenty,,,vast,,,,,,,,,
,,prism,characterization,sent,entry,,,shift,,,,,,,,,
,,juliette,confidently,boundaries,homicide,,,frequent,,,,,,,,,
,,monument,orchestrated,300,cinderella,,,mid,,,,,,,,,
,,proves,doctorate,sight,pants,,,drink,,,,,,,,,
,,friendship,telescope,shut,harrison,,,feet,,,,,,,,,
,,clash,mid,stretched,banquet,,,arms,,,,,,,,,
,,cinematic,analytical,brief,evolve,,,squad,,,,,,,,,
,,cameo,transforms,rival,jumps,,,feelings,,,,,,,,,
,,mcgrath,undertaking,bomb,engages,,,player,,,,,,,,,
,,possession,insane,ernest,walt,,,downtown,,,,,,,,,
,,clocks,prison,refused,willie,,,prison,,,,,,,,,
,,collectively,discovery,dozen,deepest,,,discovery,,,,,,,,,
,,madonna,reveal,roles,overlapping,,,25,,,,,,,,,
,,surplus,effectively,reaching,collateral,,,member,,,,,,,,,
,,racial,edition,heights,wondering,,,reveal,,,,,,,,,
,,orchard,proof,heels,paranormal,,,effectively,,,,,,,,,
,,anchored,concentration,suggest,specific,,,edition,,,,,,,,,
,,wesley,competing,stronger,mattered,,,anniversary,,,,,,,,,
,,hughes,neutral,focuses,stills,,,proof,,,,,,,,,
,,distances,singh,particular,grasp,,,competing,,,,,,,,,
,,expressive,stakes,putting,rattling,,,architect,,,,,,,,,
,,animation,ran,executed,portions,,,wayne,,,,,,,,,
,,destiny,acknowledges,presentation,insignificant,,,singh,,,,,,,,,
,,doug,chatter,tough,horribly,,,function,,,,,,,,,
,,morgan,lights,lean,examines,,,stakes,,,,,,,,,
,,infants,chases,freedom,band,,,ran,,,,,,,,,
,,empowerment,tucker,grateful,explores,,,answer,,,,,,,,,
,,1973,94,russell,horse,,,discover,,,,,,,,,
,,prolific,sci,mask,torpedo,,,businesses,,,,,,,,,
,,lizard,italics,exit,exploit,,,judge,,,,,,,,,
,,fright,sleek,strip,confidence,,,94,,,,,,,,,
,,celebrates,attach,excess,instincts,,,attempted,,,,,,,,,
,,projectile,wilde,train,ridley,,,cafe,,,,,,,,,
,,pokemon,empowerment,steve,malcolm,,,c,,,,,,,,,
,,naval,outrage,celebrate,roman,,,established,,,,,,,,,
,,cleansing,murderer,nazi,ideology,,,appointed,,,,,,,,,
,,depicted,ideally,origins,holocaust,,,criticism,,,,,,,,,
,,riot,criticism,decade,iran,,,versions,,,,,,,,,
,,triumph,versions,completion,streamed,,,powers,,,,,,,,,
,,comedies,powers,burst,facades,,,austin,,,,,,,,,
,,probe,multiple,crack,anchors,,,multiple,,,,,,,,,
,,jiang,passions,practiced,expects,,,besides,,,,,,,,,
,,relevance,assassin,sub,gloom,,,segment,,,,,,,,,
,,searing,pursuing,cup,patting,,,jet,,,,,,,,,
,,stylistic,seduce,town,throbbing,,,fictional,,,,,,,,,
,,turmoil,stealing,formal,myth,,,stroke,,,,,,,,,
,,breadth,tidal,accessible,stone,,,di,,,,,,,,,
,,collateral,segment,replaced,heroic,,,catherine,,,,,,,,,
,,nicholas,vittorio,sucked,hicks,,,native,,,,,,,,,
,,reagan,nash,hoped,sprung,,,circumstances,,,,,,,,,
,,sparks,microscope,1999,golden,,,substitute,,,,,,,,,
,,vein,purity,pride,california,,,insurance,,,,,,,,,
,,proving,puzzled,distinction,expressions,,,doors,,,,,,,,,
,,adolescence,psycho,connected,chord,,,del,,,,,,,,,
,,breakthrough,jet,trip,chronicle,,,dust,,,,,,,,,
,,advocacy,fictional,fifty,vaudeville,,,regard,,,,,,,,,
,,readings,roster,procedure,couch,,,continue,,,,,,,,,
,,awakening,kathryn,definition,flowering,,,universe,,,,,,,,,
,,stuart,afford,knees,testosterone,,,damaged,,,,,,,,,
,,distinguished,kindness,matters,serials,,,thrust,,,,,,,,,
,,modeled,gregory,cop,jolted,,,hurt,,,,,,,,,
,,bodily,velocity,lower,cousin,,,teeth,,,,,,,,,
,,alleged,engineering,entered,slender,,,angel,,,,,,,,,
,,ecstasy,stroke,image,kaufman,,,crossed,,,,,,,,,
,,glaring,ryder,athlete,fellow,,,hey,,,,,,,,,
,,mortal,improves,van,masculine,,,united,,,,,,,,,
,,norwegian,bias,arnold,lecture,,,states,,,,,,,,,
,,tortured,nominated,combat,humanist,,,2001,,,,,,,,,
,,isolation,conrad,fortune,und,,,4th,,,,,,,,,
,,childish,ardent,drive,adaptations,,,participants,,,,,,,,,
,,subtly,economics,lion,2,,,comments,,,,,,,,,
,,ghosts,backstage,winner,impulse,,,partly,,,,,,,,,
,,despair,pivotal,captain,satin,,,franklin,,,,,,,,,
,,commerce,comparisons,jump,rouge,,,actual,,,,,,,,,
,,egypt,invites,celebrity,ripe,,,jon,,,,,,,,,
,,palestinian,followers,advice,ingredients,,,miller,,,,,,,,,
,,odyssey,circumstances,singing,integrated,,,dad,,,,,,,,,
,,strategic,crocodile,raise,speculative,,,suppose,,,,,,,,,
,,demons,coupling,scale,baird,,,southern,,,,,,,,,
,,orthodox,bodily,near,store,,,learned,,,,,,,,,
,,depression,outward,sons,extant,,,giants,,,,,,,,,
,,genesis,chick,francisco,pre,,,building,,,,,,,,,
,,sibling,graphics,faint,characterized,,,assigned,,,,,,,,,
,,judd,library,angels,bronze,,,wood,,,,,,,,,
,,topical,fling,emerged,cardiac,,,ed,,,,,,,,,
,,pushes,fleeting,brooks,marquis,,,lies,,,,,,,,,
,,mira,dared,element,menace,,,backed,,,,,,,,,
,,michel,damaged,opposite,phantom,,,became,,,,,,,,,
,,secretary,explicit,magical,relying,,,north,,,,,,,,,
,,endeavor,thrust,enjoying,yank,,,surrounding,,,,,,,,,
,,pivotal,substantive,flowers,intro,,,witness,,,,,,,,,
,,swords,teeth,al,sufficiently,,,scientists,,,,,,,,,
,,resume,binary,henry,manifesto,,,1952,,,,,,,,,
,,integrated,simplicity,et,topical,,,killing,,,,,,,,,
,,alabama,messenger,fly,relating,,,riding,,,,,,,,,
,,sacrificed,hey,flag,swiftly,,,educational,,,,,,,,,
,,guise,shapiro,bush,prepare,,,conducted,,,,,,,,,
,,distinguishing,goldman,12th,wanderers,,,defeated,,,,,,,,,
,,accidental,2001,mechanical,equilibrium,,,monument,,,,,,,,,
,,betrayal,participants,dropped,calculating,,,certified,,,,,,,,,
,,fragile,illuminated,japan,295,,,send,,,,,,,,,
,,veil,franklin,artwork,1958,,,environmental,,,,,,,,,
,,virtue,carl,resolution,turf,,,topics,,,,,,,,,
,,progression,relic,aids,fingered,,,mine,,,,,,,,,
,,veins,turks,attack,races,,,gathering,,,,,,,,,
,,lan,sap,collective,loving,,,squeezed,,,,,,,,,
,,landscapes,jon,reached,amassed,,,parallel,,,,,,,,,
,,battlefield,dad,contributed,curiously,,,alfred,,,,,,,,,
,,courtroom,cal,1986,luther,,,youth,,,,,,,,,
,,inherently,vain,anywhere,byron,,,companion,,,,,,,,,
,,profoundly,zhang,pitched,characterization,,,sing,,,,,,,,,
,,characteristic,knockout,born,frequent,,,lucas,,,,,,,,,
,,gliding,wryly,firmly,confidently,,,beach,,,,,,,,,
,,insignificant,ed,gifts,doctorate,,,6,,,,,,,,,
,,possess,outline,hug,telescope,,,schedule,,,,,,,,,
,,stirring,fable,opinion,mid,,,fighters,,,,,,,,,
,,backlash,undertaken,knowledge,analytical,,,functions,,,,,,,,,
,,inactive,determination,singles,transforms,,,engine,,,,,,,,,
,,agile,scientists,league,undertaking,,,internal,,,,,,,,,
,,garcia,marilyn,victim,insane,,,join,,,,,,,,,
,,resistance,craftsmen,symbols,aggressive,,,produces,,,,,,,,,
,,myrtle,1952,factors,prison,,,buried,,,,,,,,,
,,stanley,acclaimed,awards,25,,,residents,,,,,,,,,
,,molina,icon,resistance,iq,,,neighborhood,,,,,,,,,
,,fundamentally,unaffected,artistic,effectively,,,apple,,,,,,,,,
,,khan,minded,pleased,proof,,,lit,,,,,,,,,
,,palma,unified,armed,concentration,,,woods,,,,,,,,,
,,evaluate,ladder,championship,mistaken,,,ball,,,,,,,,,
,,1984,libretto,employment,lawyers,,,masters,,,,,,,,,
,,puzzle,educational,cricket,prank,,,charles,,,,,,,,,
,,invincible,satisfactory,batting,pot,,,iii,,,,,,,,,
,,ragged,monument,explain,stakes,,,proposal,,,,,,,,,
,,hal,minority,athletes,ran,,,associated,,,,,,,,,
,,warfare,shivers,roots,answer,,,peace,,,,,,,,,
,,nash,spine,investment,er,,,climb,,,,,,,,,
,,depiction,environmental,joined,mud,,,influenced,,,,,,,,,
,,fatal,fleeing,labor,guiding,,,east,,,,,,,,,
,,shivers,lynne,published,chases,,,anyway,,,,,,,,,
,,definitions,ramsay,le,tucker,,,initial,,,,,,,,,
,,transparency,restraint,escort,94,,,unable,,,,,,,,,
,,harrison,converts,canon,attempted,,,passed,,,,,,,,,
,,catholic,mine,grown,italics,,,behalf,,,,,,,,,
,,abandon,pedestrian,flesh,consuming,,,burns,,,,,,,,,
,,formidable,encompassing,dozens,c,,,suspended,,,,,,,,,
,,vicious,socially,illness,sleek,,,globe,,,,,,,,,
,,unpredictable,spawned,reviews,attach,,,swung,,,,,,,,,
,,accuracy,favorably,jordan,wilde,,,treated,,,,,,,,,
,,succeeds,hurts,controversy,empowerment,,,exception,,,,,,,,,
,,descends,clare,intervention,established,,,foot,,,,,,,,,
,,discipline,misunderstanding,winds,murderer,,,assault,,,,,,,,,
,,maiden,146,europe,powers,,,catholic,,,,,,,,,
,,sap,densely,monsters,passions,,,region,,,,,,,,,
,,capturing,orlando,landing,assassin,,,inhabitants,,,,,,,,,
,,zhao,muse,rally,seduce,,,interview,,,,,,,,,
,,explicit,weighs,pissed,stealing,,,ties,,,,,,,,,
,,cinderella,alfred,suffer,tidal,,,holy,,,,,,,,,
,,hilary,hitchcock,academic,segment,,,controlled,,,,,,,,,
,,traced,drinking,dimensions,sticky,,,distinct,,,,,,,,,
,,partnership,inexperienced,silver,vittorio,,,robinson,,,,,,,,,
,,iran,fontaine,93,microscope,,,smoke,,,,,,,,,
,,afterlife,probing,eleven,purity,,,walker,,,,,,,,,
,,explores,telenovela,disease,puzzled,,,sat,,,,,,,,,
,,paints,shakespeare,classification,fictional,,,120,,,,,,,,,
,,preliminary,weakly,closer,roster,,,horses,,,,,,,,,
,,graffiti,companion,revenge,kathryn,,,partnership,,,,,,,,,
,,morally,clyde,cheek,kindness,,,glass,,,,,,,,,
,,birmingham,titans,specifically,gregory,,,participate,,,,,,,,,
,,kramer,curves,returning,velocity,,,bet,,,,,,,,,
,,singular,fashioned,rob,stroke,,,practices,,,,,,,,,
,,invasion,strains,references,sucker,,,recently,,,,,,,,,
,,compatible,lucas,succeeded,ryder,,,recommended,,,,,,,,,
,,pitted,jolt,jersey,bias,,,playoff,,,,,,,,,
,,demi,packages,guess,nominated,,,arrest,,,,,,,,,
,,exhaustion,juliet,clouds,conrad,,,tested,,,,,,,,,
,,exposition,fighters,namely,chen,,,latter,,,,,,,,,
,,frankie,exchanges,promised,ardent,,,sean,,,,,,,,,
,,copenhagen,staggered,opened,economics,,,decide,,,,,,,,,
,,thud,suspects,record,backstage,,,duty,,,,,,,,,
,,stimulating,invincible,rolling,pivotal,,,remembered,,,,,,,,,
,,damon,forcefully,princess,comparisons,,,barry,,,,,,,,,
,,fantasies,combustion,composed,followers,,,January,,,,,,,,,
,,rapids,forgiven,rejected,stark,,,scotland,,,,,,,,,
,,technological,barlow,settled,coupling,,,18,,,,,,,,,
,,twinkle,buried,suggests,bodily,,,worried,,,,,,,,,
,,cylinders,coping,neck,proving,,,limited,,,,,,,,,
,,flashes,copenhagen,perform,insurance,,,clients,,,,,,,,,
,,crashing,winger,foreign,outward,,,support,,,,,,,,,
,,lin,addresses,principles,baked,,,colin,,,,,,,,,
,,revision,cloak,fifth,cardboard,,,emphasis,,,,,,,,,
,,haute,eccentric,therefore,chick,,,fault,,,,,,,,,
,,juvenile,reagan,gross,del,,,mode,,,,,,,,,
,,digest,geared,appeared,dust,,,2000,,,,,,,,,
,,undo,damon,1938,library,,,mixing,,,,,,,,,
,,provoked,163,lying,fling,,,demonstrated,,,,,,,,,
,,sci,associated,lily,fleeting,,,fruit,,,,,,,,,
,,embraced,peace,cage,regard,,,metropolitan,,,,,,,,,
,,poet,hailed,nicolas,dared,,,opens,,,,,,,,,
,,liu,eventual,luis,damaged,,,law,,,,,,,,,
,,allegiance,initial,phenomenon,explicit,,,enforcement,,,,,,,,,
,,asphalt,commands,eventually,thrust,,,recorded,,,,,,,,,
,,revolutionary,grit,content,substantive,,,medical,,,,,,,,,
,,,endangered,pool,teeth,,,equipment,,,,,,,,,
,,,heavyweight,streets,binary,,,threw,,,,,,,,,
,,,unpaid,diary,angel,,,massive,,,,,,,,,
,,,burns,kingdom,pains,,,goods,,,,,,,,,
,,,scandals,fist,crossed,,,June,,,,,,,,,
,,,globe,six,shapiro,,,jane,,,,,,,,,
,,,rash,key,goldman,,,plant,,,,,,,,,
,,,bray,sessions,participants,,,tour,,,,,,,,,
,,,ruse,serial,partly,,,journalist,,,,,,,,,
,,,chaplin,murders,illuminated,,,venice,,,,,,,,,
,,,fiercely,broadcast,franklin,,,anna,,,,,,,,,
,,,deserved,breathing,carl,,,available,,,,,,,,,
,,,assault,embrace,relic,,,principal,,,,,,,,,
,,,catholic,station,turks,,,1960,,,,,,,,,
,,,exhaustion,hearing,sap,,,thomas,,,,,,,,,
,,,tenth,media,jon,,,walls,,,,,,,,,
,,,installment,forum,miller,,,welsh,,,,,,,,,
,,,grenade,producers,dad,,,stuart,,,,,,,,,
,,,discoveries,basis,vain,,,philip,,,,,,,,,
,,,inhabitants,household,zhang,,,ensure,,,,,,,,,
,,,franco,evidence,knockout,,,windows,,,,,,,,,
,,,christianity,discussed,wryly,,,cars,,,,,,,,,
,,,seas,glasses,ed,,,snake,,,,,,,,,
,,,activism,sun,observed,,,carefully,,,,,,,,,
,,,eternal,forms,outline,,,bars,,,,,,,,,
,,,reigns,cure,fable,,,meet,,,,,,,,,
,,,fuss,breaking,undertaken,,,aid,,,,,,,,,
,,,salvage,tenor,lies,,,orders,,,,,,,,,
,,,walsh,explosion,determination,,,earlier,,,,,,,,,
,,,eileen,south,became,,,referred,,,,,,,,,
,,,taut,jr,surrounding,,,removed,,,,,,,,,
,,,robinson,debate,scientists,,,1957,,,,,,,,,
,,,discreet,queens,craftsmen,,,occupied,,,,,,,,,
,,,stripped,wind,acclaimed,,,72,,,,,,,,,
,,,sat,majority,1952,,,meant,,,,,,,,,
,,,horses,molly,icon,,,h,,,,,,,,,
,,,partnership,folk,killing,,,tall,,,,,,,,,
,,,mined,successor,unified,,,writers,,,,,,,,,
,,,glass,successfully,denying,,,tie,,,,,,,,,
,,,rewarded,60,ladder,,,draw,,,,,,,,,
,,,amazement,chest,libretto,,,guitar,,,,,,,,,
,,,bet,extension,satisfactory,,,page,,,,,,,,,
,,,tabloid,ritual,defeated,,,improve,,,,,,,,,
,,,mystical,kitchen,monument,,,k,,,,,,,,,
,,,darkest,ballet,minority,,,experimental,,,,,,,,,
,,,derive,jay,shivers,,,creatures,,,,,,,,,
,,,saga,September,spine,,,trained,,,,,,,,,
,,,deficit,association,environmental,,,reporting,,,,,,,,,
,,,tinged,basketball,fleeing,,,manager,,,,,,,,,
,,,comparatively,joint,lynne,,,don,,,,,,,,,
,,,practices,promotion,ramsay,,,pan,,,,,,,,,
,,,arrest,bow,restraint,,,reaches,,,,,,,,,
,,,bed,rap,converts,,,views,,,,,,,,,
,,,satisfaction,transformed,fade,,,crisis,,,,,,,,,
,,,distances,notable,oh,,,rings,,,,,,,,,
,,,chong,driver,pedestrian,,,y,,,,,,,,,
,,,appeals,instance,encompassing,,,gain,,,,,,,,,
,,,manipulating,exists,socially,,,secret,,,,,,,,,
,,,assign,tea,spawned,,,groups,,,,,,,,,
,,,implications,8th,favorably,,,gas,,,,,,,,,
,,,hypothesis,placing,squeezed,,,describes,,,,,,,,,
,,,elemental,repeatedly,clare,,,error,,,,,,,,,
,,,arc,cartoon,tapping,,,collaboration,,,,,,,,,
,,,lacey,stopped,146,,,ordered,,,,,,,,,
,,,wrestler,66,densely,,,tend,,,,,,,,,
,,,prostitute,belgium,alfred,,,1960s,,,,,,,,,
,,,needy,guide,hitchcock,,,notably,,,,,,,,,
,,,radioactive,severe,beers,,,pocket,,,,,,,,,
,,,destructive,policy,twelve,,,outer,,,,,,,,,
,,,catching,decision,fontaine,,,limits,,,,,,,,,
,,,demonic,facing,telenovela,,,pushed,,,,,,,,,
,,,crane,1998,shakespeare,,,spain,,,,,,,,,
,,,laden,prince,weakly,,,controversial,,,,,,,,,
,,,siren,egypt,companion,,,university,,,,,,,,,
,,,towering,twenty,clyde,,,departments,,,,,,,,,
,,,poking,entry,wreck,,,mounted,,,,,,,,,
,,,metropolitan,racial,titans,,,discussion,,,,,,,,,
,,,hades,due,curves,,,experiment,,,,,,,,,
,,,holmes,drop,fashioned,,,mass,,,,,,,,,
,,,senses,pants,strains,,,football,,,,,,,,,
,,,refined,harrison,beach,,,percussion,,,,,,,,,
,,,goods,willie,jolt,,,spots,,,,,,,,,
,,,convictions,gift,diner,,,ninth,,,,,,,,,
,,,posing,dies,juliet,,,map,,,,,,,,,
,,,populace,advised,sacrificed,,,approached,,,,,,,,,
,,,disastrous,physical,exchanges,,,harvey,,,,,,,,,
,,,kitten,earned,staggered,,,wrote,,,,,,,,,
,,,behave,evans,suspects,,,harbor,,,,,,,,,
,,,pageant,benefits,forcefully,,,pearl,,,,,,,,,
,,,journalist,primary,ups,,,farm,,,,,,,,,
,,,noticeable,targets,causes,,,border,,,,,,,,,
,,,exasperated,wondering,combustion,,,clock,,,,,,,,,
,,,venice,accompanied,sketches,,,shoes,,,,,,,,,
,,,pursued,archive,definite,,,agency,,,,,,,,,
,,,balancing,enhanced,forgiven,,,boss,,,,,,,,,
,,,mika,specific,barlow,,,bread,,,,,,,,,
,,,fallon,conditions,buried,,,section,,,,,,,,,
,,,forgiveness,suggested,coping,,,tools,,,,,,,,,
,,,cinematographer,maker,winger,,,monday,,,,,,,,,
,,,prose,portions,lit,,,departure,,,,,,,,,
,,,stevens,introduce,eccentric,,,prisoners,,,,,,,,,
,,,playstation,higher,reagan,,,murray,,,,,,,,,
,,,mtv,maintained,geared,,,classes,,,,,,,,,
,,,hysteria,decline,damon,,,shore,,,,,,,,,
,,,barbarian,gut,163,,,thoughts,,,,,,,,,
,,,1960,band,iii,,,1975,,,,,,,,,
,,,proportions,21st,proposal,,,derek,,,,,,,,,
,,,ethan,trapped,peace,,,normally,,,,,,,,,
,,,threatens,tense,east,,,housing,,,,,,,,,
,,,resentment,bands,eventual,,,options,,,,,,,,,
,,,cadence,ate,commands,,,sources,,,,,,,,,
,,,acquire,rapidly,grit,,,seemed,,,,,,,,,
,,,hypnotic,beijing,endangered,,,mentioned,,,,,,,,,
,,,welsh,string,heavyweight,,,negative,,,,,,,,,
,,,rounded,horse,unpaid,,,eric,,,,,,,,,
,,,goose,sleep,burns,,,analysis,,,,,,,,,
,,,disapproval,torpedo,scandals,,,grave,,,,,,,,,
,,,rape,latin,undoubtedly,,,jaw,,,,,,,,,
,,,stuart,remained,ruse,,,split,,,,,,,,,
,,,believing,ruins,chaplin,,,dear,,,,,,,,,
,,,siegel,confidence,fiercely,,,grip,,,,,,,,,
,,,lo,malcolm,foot,,,contact,,,,,,,,,
,,,parochial,roman,exhaustion,,,row,,,,,,,,,
,,,keen,iran,tenth,,,limit,,,,,,,,,
,,,romero,yellow,installment,,,parties,,,,,,,,,
,,,friendships,talks,grenade,,,les,,,,,,,,,
,,,philip,elderly,garde,,,concrete,,,,,,,,,
,,,ensure,stone,discoveries,,,examples,,,,,,,,,
,,,rosario,couples,inhabitants,,,wide,,,,,,,,,
,,,fragmented,golden,christianity,,,rates,,,,,,,,,
,,,enhancing,california,activism,,,interests,,,,,,,,,
,,,aching,tail,local,,,reduce,,,,,,,,,
,,,bucket,3d,walsh,,,iranian,,,,,,,,,
,,,feral,award,eileen,,,challenge,,,,,,,,,
,,,romeo,appearing,bounds,,,column,,,,,,,,,
,,,preceded,president,taut,,,jacket,,,,,,,,,
,,,decommissioned,struck,discreet,,,track,,,,,,,,,
,,,forbidden,economic,addict,,,lose,,,,,,,,,
,,,trembling,napoleon,sat,,,defend,,,,,,,,,
,,,ordeal,chronicle,pretend,,,daniel,,,,,,,,,
,,,humiliated,cared,horses,,,davis,,,,,,,,,
,,,451,parker,partnership,,,activities,,,,,,,,,
,,,referred,dr,mined,,,apply,,,,,,,,,
,,,beaches,couch,glass,,,bible,,,,,,,,,
,,,ivan,strategy,rewarded,,,gray,,,,,,,,,
,,,1957,evolved,participate,,,influential,,,,,,,,,
,,,heroism,runner,tabloid,,,hills,,,,,,,,,
,,,sacrifices,cousin,mystical,,,ratio,,,,,,,,,
,,,consciously,tables,derive,,,press,,,,,,,,,
,,,asphalt,diamond,tinged,,,austrian,,,,,,,,,
,,,persecuted,marketing,practices,,,1950s,,,,,,,,,
,,,tall,fellow,bed,,,contributions,,,,,,,,,
,,,retiring,lecture,latter,,,matches,,,,,,,,,
,,,87,education,annoyed,,,replacing,,,,,,,,,
,,,longtime,und,chong,,,classified,,,,,,,,,
,,,tolkien,rick,remembered,,,solo,,,,,,,,,
,,,twisting,trail,7th,,,conversion,,,,,,,,,
,,,adjusting,integrated,manipulating,,,trio,,,,,,,,,
,,,littered,editor,implications,,,columbia,,,,,,,,,
,,,methodology,store,barry,,,75,,,,,,,,,
,,,experimental,post,hypothesis,,,sharing,,,,,,,,,
,,,cleavage,pre,elemental,,,fingers,,,,,,,,,
,,,hymn,characterized,18,,,destruction,,,,,,,,,
,,,don,stayed,worried,,,cheeks,,,,,,,,,
,,,pan,bronze,fulfilling,,,88,,,,,,,,,
,,,reaches,begun,wrestler,,,pa,,,,,,,,,
,,,youthful,formed,prostitute,,,provincial,,,,,,,,,
,,,inhabit,physician,needy,,,discovered,,,,,,,,,
,,,crisis,nick,radioactive,,,bull,,,,,,,,,
,,,sullivan,whenever,destructive,,,ye,,,,,,,,,
,,,predict,concerning,demonic,,,supplies,,,,,,,,,
,,,eighties,signals,distract,,,argue,,,,,,,,,
,,,villains,background,laden,,,suddenly,,,,,,,,,
,,,servants,relating,terminal,,,admitted,,,,,,,,,
,,,1933,clothes,mode,,,acres,,,,,,,,,
,,,encyclopedia,sale,siren,,,increase,,,,,,,,,
,,,inversion,plastic,poking,,,teachers,,,,,,,,,
,,,nemesis,garage,reverse,,,alleged,,,,,,,,,
,,,remembrance,traffic,metropolitan,,,inc,,,,,,,,,
,,,learns,prepare,hades,,,flood,,,,,,,,,
,,,lina,buddy,holmes,,,personally,,,,,,,,,
,,,shriek,shown,senses,,,testing,,,,,,,,,
,,,ferris,worlds,massive,,,ok,,,,,,,,,
,,,shaky,hiding,refined,,,fellowship,,,,,,,,,
,,,narrated,engaged,convictions,,,marshall,,,,,,,,,
,,,landau,threatened,posing,,,framework,,,,,,,,,
,,,error,listen,populace,,,detective,,,,,,,,,
,,,collaboration,paintings,pageant,,,difficulty,,,,,,,,,
,,,germanic,months,journalist,,,widely,,,,,,,,,
,,,instability,1958,excursion,,,appropriate,,,,,,,,,
,,,notably,races,noticeable,,,managing,,,,,,,,,
,,,sustained,loving,exasperated,,,temple,,,,,,,,,
,,,intellectuals,literature,venice,,,entering,,,,,,,,,
,,,keel,vast,mika,,,scoring,,,,,,,,,
,,,tolerance,shift,fallon,,,telephone,,,,,,,,,
,,,electoral,luther,forgiveness,,,sword,,,,,,,,,
,,,prowess,frequent,odor,,,parent,,,,,,,,,
,,,preaching,doctorate,cinematographer,,,hence,,,,,,,,,
,,,instrument,mid,stevens,,,knight,,,,,,,,,
,,,reportedly,drink,available,,,respond,,,,,,,,,
,,,harmed,feet,playstation,,,sixth,,,,,,,,,
,,,dimensional,arms,hysteria,,,incident,,,,,,,,,
,,,liability,squad,mtv,,,normal,,,,,,,,,
,,,tackled,feelings,barbarian,,,divisions,,,,,,,,,
,,,byzantine,insane,conan,,,kept,,,,,,,,,
,,,barrie,involve,ethan,,,pointing,,,,,,,,,
,,,machinery,player,threatens,,,self,,,,,,,,,
,,,myrtle,downtown,resentment,,,faced,,,,,,,,,
,,,stability,aggressive,acquire,,,peaked,,,,,,,,,
,,,pc,prison,hypnotic,,,howard,,,,,,,,,
,,,affinity,discovery,welsh,,,orange,,,,,,,,,
,,,marching,25,heap,,,korea,,,,,,,,,
,,,percussion,member,goose,,,blues,,,,,,,,,
,,,ninth,reveal,rape,,,feed,,,,,,,,,
,,,develops,effectively,stuart,,,refers,,,,,,,,,
,,,ballot,edition,believing,,,standing,,,,,,,,,
,,,map,anniversary,siegel,,,shadows,,,,,,,,,
,,,torn,proof,lo,,,versus,,,,,,,,,
,,,cheered,concentration,parochial,,,alice,,,,,,,,,
,,,integrating,competing,romero,,,writings,,,,,,,,,
,,,nouvelle,lawyers,butt,,,soft,,,,,,,,,
,,,sewing,architect,friendships,,,1962,,,,,,,,,
,,,bluff,neutral,downs,,,thirteen,,,,,,,,,
,,,wreckage,wayne,philip,,,height,,,,,,,,,
,,,parrot,pot,rosario,,,abilities,,,,,,,,,
,,,interrogation,singh,fragmented,,,everywhere,,,,,,,,,
,,,huskies,function,enhancing,,,raymond,,,,,,,,,
,,,discarded,stakes,wholesale,,,crystal,,,,,,,,,
,,,humming,ran,feral,,,bath,,,,,,,,,
,,,ticking,answer,uncomfortable,,,stands,,,,,,,,,
,,,millennium,discover,romeo,,,supply,,,,,,,,,
,,,overview,er,decommissioned,,,muscles,,,,,,,,,
,,,omnibus,businesses,trembling,,,suicide,,,,,,,,,
,,,mobility,lights,pee,,,eve,,,,,,,,,
,,,motionless,mud,retreat,,,defensive,,,,,,,,,
,,,monday,election,amusement,,,trials,,,,,,,,,
,,,prisoners,judge,humiliated,,,tanks,,,,,,,,,
,,,eisenhower,tucker,451,,,virgin,,,,,,,,,
,,,prolific,94,gamble,,,individuals,,,,,,,,,
,,,spins,requiring,ivan,,,rate,,,,,,,,,
,,,lunar,attempted,numb,,,1997,,,,,,,,,
,,,emergence,cafe,1957,,,calling,,,,,,,,,
,,,interpreting,variable,heroism,,,whereas,,,,,,,,,
,,,founders,established,philippe,,,wondered,,,,,,,,,
,,,1975,appointed,fabulous,,,lips,,,,,,,,,
,,,derek,criticism,consciously,,,narrow,,,,,,,,,
,,,underworld,versions,asphalt,,,palm,,,,,,,,,
,,,sources,log,enhance,,,routes,,,,,,,,,
,,,gifford,95,persecuted,,,rose,,,,,,,,,
,,,disturbance,powers,h,,,bernard,,,,,,,,,
,,,plausible,austin,cho,,,married,,,,,,,,,
,,,skeleton,multiple,tall,,,pregnant,,,,,,,,,
,,,bender,besides,grim,,,resources,,,,,,,,,
,,,precedent,segment,retiring,,,rough,,,,,,,,,
,,,catastrophic,conscious,plasma,,,21,,,,,,,,,
,,,contempt,jet,surveyed,,,answered,,,,,,,,,
,,,mentioned,fictional,spicy,,,nuclear,,,,,,,,,
,,,charting,roster,longtime,,,expensive,,,,,,,,,
,,,1973,afford,tolkien,,,china,,,,,,,,,
,,,pact,recall,twisting,,,dress,,,,,,,,,
,,,negative,berkeley,littered,,,males,,,,,,,,,
,,,grave,gregory,methodology,,,aim,,,,,,,,,
,,,jaw,bolt,cleavage,,,underground,,,,,,,,,
,,,crushing,engineering,hymn,,,depending,,,,,,,,,
,,,dear,stroke,pan,,,dave,,,,,,,,,
,,,circles,di,tar,,,walks,,,,,,,,,
,,,fragment,catherine,inhabit,,,illustrated,,,,,,,,,
,,,pornographic,nominated,crisis,,,vampires,,,,,,,,,
,,,frontal,chen,sullivan,,,tonight,,,,,,,,,
,,,virtue,economics,predict,,,lyrics,,,,,,,,,
,,,fused,clue,villains,,,uk,,,,,,,,,
,,,playfully,secondary,secret,,,write,,,,,,,,,
,,,losses,native,servants,,,australia,,,,,,,,,
,,,broader,followers,inversion,,,plane,,,,,,,,,
,,,bestowed,stark,remembrance,,,assets,,,,,,,,,
,,,waldo,circumstances,learns,,,partners,,,,,,,,,
,,,reginald,substitute,gas,,,,,,,,,,,,
,,,familiarity,insurance,ferris,,,,,,,,,,,,
,,,carmichael,graphics,narrated,,,,,,,,,,,,
,,,fuse,doors,landau,,,,,,,,,,,,
,,,justine,del,error,,,,,,,,,,,,
,,,rom,library,germanic,,,,,,,,,,,,
,,,cub,dust,instability,,,,,,,,,,,,
,,,controlling,regard,keel,,,,,,,,,,,,
,,,victorious,continue,tolerance,,,,,,,,,,,,
,,,aristocracy,gained,electoral,,,,,,,,,,,,
,,,exiled,universe,prowess,,,,,,,,,,,,
,,,revolutionaries,damaged,preaching,,,,,,,,,,,,
,,,hounds,thrust,reportedly,,,,,,,,,,,,
,,,guardian,hurt,harmed,,,,,,,,,,,,
,,,fledgling,teeth,dimensional,,,,,,,,,,,,
,,,iranian,angel,tackled,,,,,,,,,,,,
,,,presiding,crossed,byzantine,,,,,,,,,,,,
,,,macbeth,hey,barrie,,,,,,,,,,,,
,,,daniel,united,mass,,,,,,,,,,,,
,,,1930s,states,stability,,,,,,,,,,,,
,,,influential,2001,pc,,,,,,,,,,,,
,,,goldberg,4th,marching,,,,,,,,,,,,
,,,toes,speaks,percussion,,,,,,,,,,,,
,,,elm,participants,brass,,,,,,,,,,,,
,,,guilt,comments,ninth,,,,,,,,,,,,
,,,conflicts,partly,develops,,,,,,,,,,,,
,,,uniquely,carl,ballot,,,,,,,,,,,,
,,,seventeen,franklin,map,,,,,,,,,,,,
,,,suppression,actual,torn,,,,,,,,,,,,
,,,austrian,jon,cheered,,,,,,,,,,,,
,,,1950s,miller,integrating,,,,,,,,,,,,
,,,saddle,dad,nouvelle,,,,,,,,,,,,
,,,pinnacle,suppose,fried,,,,,,,,,,,,
,,,rapids,zhang,bluff,,,,,,,,,,,,
,,,lds,southern,wreckage,,,,,,,,,,,,
,,,probation,learned,invented,,,,,,,,,,,,
,,,yields,giants,parrot,,,,,,,,,,,,
,,,mankind,building,interrogation,,,,,,,,,,,,
,,,wasp,assigned,huskies,,,,,,,,,,,,
,,,weber,wood,discarded,,,,,,,,,,,,
,,,stud,ed,humming,,,,,,,,,,,,
,,,terrorism,alert,ticking,,,,,,,,,,,,
,,,throat,observed,millennium,,,,,,,,,,,,
,,,sociology,property,shoes,,,,,,,,,,,,
,,,wash,nails,overview,,,,,,,,,,,,
,,,depicted,lies,omnibus,,,,,,,,,,,,
,,,gesturing,backed,section,,,,,,,,,,,,
,,,hazy,determination,mobility,,,,,,,,,,,,
,,,attracting,became,monday,,,,,,,,,,,,
,,,debts,north,clash,,,,,,,,,,,,
,,,murderous,surrounding,prisoners,,,,,,,,,,,,
,,,chimney,witness,eisenhower,,,,,,,,,,,,
,,,columbia,scientists,prolific,,,,,,,,,,,,
,,,detachment,1952,crashing,,,,,,,,,,,,
,,,sharing,gesture,gestures,,,,,,,,,,,,
,,,compass,shaw,lunar,,,,,,,,,,,,
,,,salaries,killing,interpreting,,,,,,,,,,,,
,,,karim,sheets,capability,,,,,,,,,,,,
,,,freight,riding,underworld,,,,,,,,,,,,
,,,destruction,educational,gifford,,,,,,,,,,,,
,,,gracefully,exhibit,disturbance,,,,,,,,,,,,
,,,hierarchy,conducted,bender,,,,,,,,,,,,
,,,governance,defeated,precedent,,,,,,,,,,,,
,,,pa,monument,catastrophic,,,,,,,,,,,,
,,,moat,certified,contempt,,,,,,,,,,,,
,,,rooted,minority,1973,,,,,,,,,,,,
,,,rejection,send,roy,,,,,,,,,,,,
,,,provincial,spine,pact,,,,,,,,,,,,
,,,bourgeois,environmental,grave,,,,,,,,,,,,
,,,contrasting,cook,jaw,,,,,,,,,,,,
,,,superman,topics,crushing,,,,,,,,,,,,
,,,explosions,lift,dear,,,,,,,,,,,,
,,,landscapes,mine,split,,,,,,,,,,,,
,,,lore,gathering,fragment,,,,,,,,,,,,
,,,joins,oh,potato,,,,,,,,,,,,
,,,fraser,steal,pornographic,,,,,,,,,,,,
,,,emphasizing,das,frontal,,,,,,,,,,,,
,,,terrorists,boot,virtue,,,,,,,,,,,,
,,,thinkers,squeezed,fused,,,,,,,,,,,,
,,,introduces,parallel,losses,,,,,,,,,,,,
,,,orbits,twelve,broader,,,,,,,,,,,,
,,,reassure,drinking,concrete,,,,,,,,,,,,
,,,corbett,alfred,bestowed,,,,,,,,,,,,
,,,lending,youth,waldo,,,,,,,,,,,,
,,,anton,shakespeare,confront,,,,,,,,,,,,
,,,teasing,companion,reginald,,,,,,,,,,,,
,,,ragged,sing,familiarity,,,,,,,,,,,,
,,,enacted,lucas,carmichael,,,,,,,,,,,,
,,,moan,beach,drawings,,,,,,,,,,,,
,,,annex,schedule,endured,,,,,,,,,,,,
,,,revived,fighters,rom,,,,,,,,,,,,
,,,overture,critic,exiled,,,,,,,,,,,,
,,,pointedly,functions,victorious,,,,,,,,,,,,
,,,fellowship,causes,revolutionaries,,,,,,,,,,,,
,,,requiem,engine,aristocracy,,,,,,,,,,,,
,,,mummy,internal,fits,,,,,,,,,,,,
,,,framework,join,hounds,,,,,,,,,,,,
,,,naive,produces,fledgling,,,,,,,,,,,,
,,,detective,buried,iranian,,,,,,,,,,,,
,,,lullaby,residents,presiding,,,,,,,,,,,,
,,,synagogue,neighborhood,macbeth,,,,,,,,,,,,
,,,scoring,copenhagen,defend,,,,,,,,,,,,
,,,derives,paris,1930s,,,,,,,,,,,,
,,,maguire,apple,davis,,,,,,,,,,,,
,,,sword,lit,dusty,,,,,,,,,,,,
,,,parent,woods,conflicts,,,,,,,,,,,,
,,,obligations,healthy,uniquely,,,,,,,,,,,,
,,,pearce,ball,seventeen,,,,,,,,,,,,
,,,brow,drops,suppression,,,,,,,,,,,,
,,,rappers,masters,austrian,,,,,,,,,,,,
,,,forefront,charles,saddle,,,,,,,,,,,,
,,,divisions,iii,doc,,,,,,,,,,,,
,,,nonfiction,proposal,joan,,,,,,,,,,,,
,,,tnt,associated,pinnacle,,,,,,,,,,,,
,,,effectiveness,peace,rapids,,,,,,,,,,,,
,,,graves,climb,lds,,,,,,,,,,,,
,,,contentious,influenced,probation,,,,,,,,,,,,
,,,configurations,east,mankind,,,,,,,,,,,,
,,,apocalypse,anyway,wasp,,,,,,,,,,,,
,,,generations,initial,weber,,,,,,,,,,,,
,,,deeds,unable,stud,,,,,,,,,,,,
,,,innate,eventual,terrorism,,,,,,,,,,,,
,,,flattened,passed,throat,,,,,,,,,,,,
,,,potter,behalf,sociology,,,,,,,,,,,,
,,,principals,heavyweight,solo,,,,,,,,,,,,
,,,rigged,burns,nighttime,,,,,,,,,,,,
,,,valiant,suspended,wash,,,,,,,,,,,,
,,,springer,globe,depicted,,,,,,,,,,,,
,,,enemies,orbit,gesturing,,,,,,,,,,,,
,,,zoe,nicole,hazy,,,,,,,,,,,,
,,,theological,pub,debts,,,,,,,,,,,,
,,,motown,swung,murderous,,,,,,,,,,,,
,,,hitler,treated,chimney,,,,,,,,,,,,
,,,alexandre,exception,detachment,,,,,,,,,,,,
,,,writings,foot,sharing,,,,,,,,,,,,
,,,jagger,assault,compass,,,,,,,,,,,,
,,,clinical,variations,champagne,,,,,,,,,,,,
,,,1962,catholic,salaries,,,,,,,,,,,,
,,,afterlife,tenth,karim,,,,,,,,,,,,
,,,mob,pin,freight,,,,,,,,,,,,
,,,capped,method,destruction,,,,,,,,,,,,
,,,fertility,region,gracefully,,,,,,,,,,,,
,,,mitch,inhabitants,88,,,,,,,,,,,,
,,,plagued,franco,hierarchy,,,,,,,,,,,,
,,,1987,christianity,moat,,,,,,,,,,,,
,,,bytes,spreading,simpson,,,,,,,,,,,,
,,,documenting,architecture,rejection,,,,,,,,,,,,
,,,andrei,interview,provincial,,,,,,,,,,,,
,,,ventures,shaking,bourgeois,,,,,,,,,,,,
,,,commune,ties,contrasting,,,,,,,,,,,,
,,,fragile,hawk,superman,,,,,,,,,,,,
,,,chop,holy,demographic,,,,,,,,,,,,
,,,teaming,controlled,explosions,,,,,,,,,,,,
,,,casualties,local,landscapes,,,,,,,,,,,,
,,,engulfed,cultures,lore,,,,,,,,,,,,
,,,expansion,distinct,suffered,,,,,,,,,,,,
,,,traces,robinson,fraser,,,,,,,,,,,,
,,,guarded,suburban,terrorists,,,,,,,,,,,,
,,,spells,stripped,admitted,,,,,,,,,,,,
,,,archibald,smoke,trim,,,,,,,,,,,,
,,,retrospective,walker,thinkers,,,,,,,,,,,,
,,,paralyzed,sat,introduces,,,,,,,,,,,,
,,,werner,120,crash,,,,,,,,,,,,
,,,brutality,pretend,orbits,,,,,,,,,,,,
,,,enabling,disabled,reassure,,,,,,,,,,,,
,,,anarchy,horses,corbett,,,,,,,,,,,,
,,,compositions,bryan,chill,,,,,,,,,,,,
,,,impetus,partnership,inc,,,,,,,,,,,,
,,,castro,glass,ragged,,,,,,,,,,,,
,,,captives,participate,enacted,,,,,,,,,,,,
,,,famed,pause,moan,,,,,,,,,,,,
,,,johnnie,bet,annex,,,,,,,,,,,,
,,,occupational,practices,unaware,,,,,,,,,,,,
,,,rose,recently,overture,,,,,,,,,,,,
,,,diver,recommended,pointedly,,,,,,,,,,,,
,,,prologue,playoff,requiem,,,,,,,,,,,,
,,,kane,arrest,mummy,,,,,,,,,,,,
,,,antonia,tested,framework,,,,,,,,,,,,
,,,uncover,severely,naive,,,,,,,,,,,,
,,,confuse,bed,lullaby,,,,,,,,,,,,
,,,enlightenment,waited,appropriate,,,,,,,,,,,,
,,,rudd,emergency,synagogue,,,,,,,,,,,,
,,,confession,latter,scoring,,,,,,,,,,,,
,,,sneak,satisfaction,derives,,,,,,,,,,,,
,,,thoughtfully,sean,maguire,,,,,,,,,,,,
,,,susceptible,decide,obligations,,,,,,,,,,,,
,,,liberalism,duty,pearce,,,,,,,,,,,,
,,,china,appeals,rappers,,,,,,,,,,,,
,,,readings,remembered,ke,,,,,,,,,,,,
,,,troopers,7th,everybody,,,,,,,,,,,,
,,,powerhouse,barry,forefront,,,,,,,,,,,,
,,,critically,January,divisions,,,,,,,,,,,,
,,,searches,releasing,nonfiction,,,,,,,,,,,,
,,,leigh,prey,tnt,,,,,,,,,,,,
,,,infants,scotland,faced,,,,,,,,,,,,
,,,ram,arc,effectiveness,,,,,,,,,,,,
,,,communicate,occur,contentious,,,,,,,,,,,,
,,,ransom,18,configurations,,,,,,,,,,,,
,,,lucia,worried,apocalypse,,,,,,,,,,,,
,,,fluttering,limited,juice,,,,,,,,,,,,
,,,heartbreak,clients,deeds,,,,,,,,,,,,
,,,spade,excellence,innate,,,,,,,,,,,,
,,,liner,catching,principals,,,,,,,,,,,,
,,,schultz,support,lone,,,,,,,,,,,,
,,,australia,colin,blues,,,,,,,,,,,,
,,,gliding,launch,valiant,,,,,,,,,,,,
,,,stitch,emphasis,springer,,,,,,,,,,,,
,,,assets,fault,enemies,,,,,,,,,,,,
,,,partnerships,terminal,zoe,,,,,,,,,,,,
,,,,mode,refers,,,,,,,,,,,,
,,,,county,theological,,,,,,,,,,,,
,,,,2000,motown,,,,,,,,,,,,
,,,,mixing,hitler,,,,,,,,,,,,
,,,,demonstrated,alexandre,,,,,,,,,,,,
,,,,fruit,writings,,,,,,,,,,,,
,,,,reverse,jagger,,,,,,,,,,,,
,,,,metropolitan,1962,,,,,,,,,,,,
,,,,opens,afterlife,,,,,,,,,,,,
,,,,law,mob,,,,,,,,,,,,
,,,,enforcement,thirteen,,,,,,,,,,,,
,,,,holmes,fertility,,,,,,,,,,,,
,,,,senses,mitch,,,,,,,,,,,,
,,,,toy,pet,,,,,,,,,,,,
,,,,recorded,bytes,,,,,,,,,,,,
,,,,medical,documenting,,,,,,,,,,,,
,,,,equipment,andrei,,,,,,,,,,,,
,,,,threw,ventures,,,,,,,,,,,,
,,,,massive,fragile,,,,,,,,,,,,
,,,,households,chop,,,,,,,,,,,,
,,,,goods,bath,,,,,,,,,,,,
,,,,June,casualties,,,,,,,,,,,,
,,,,jane,expansion,,,,,,,,,,,,
,,,,plant,traces,,,,,,,,,,,,
,,,,tour,spells,,,,,,,,,,,,
,,,,journalist,pedestal,,,,,,,,,,,,
,,,,reid,retrospective,,,,,,,,,,,,
,,,,venice,paralyzed,,,,,,,,,,,,
,,,,pursued,werner,,,,,,,,,,,,
,,,,items,brutality,,,,,,,,,,,,
,,,,anna,survives,,,,,,,,,,,,
,,,,stevens,enabling,,,,,,,,,,,,
,,,,available,compositions,,,,,,,,,,,,
,,,,jealous,impetus,,,,,,,,,,,,
,,,,mtv,castro,,,,,,,,,,,,
,,,,playstation,palm,,,,,,,,,,,,
,,,,principal,porn,,,,,,,,,,,,
,,,,1960,critique,,,,,,,,,,,,
,,,,thomas,rose,,,,,,,,,,,,
,,,,walls,diver,,,,,,,,,,,,
,,,,ethan,prologue,,,,,,,,,,,,
,,,,dylan,kane,,,,,,,,,,,,
,,,,acquire,rough,,,,,,,,,,,,
,,,,welsh,antonia,,,,,,,,,,,,
,,,,curious,confuse,,,,,,,,,,,,
,,,,rounded,enlightenment,,,,,,,,,,,,
,,,,rape,rudd,,,,,,,,,,,,
,,,,stuart,confession,,,,,,,,,,,,
,,,,believing,thoughtfully,,,,,,,,,,,,
,,,,lo,liberalism,,,,,,,,,,,,
,,,,butt,china,,,,,,,,,,,,
,,,,philip,aim,,,,,,,,,,,,
,,,,battles,critically,,,,,,,,,,,,
,,,,ensure,kidd,,,,,,,,,,,,
,,,,windows,leigh,,,,,,,,,,,,
,,,,cars,ram,,,,,,,,,,,,
,,,,snake,ransom,,,,,,,,,,,,
,,,,carefully,lucia,,,,,,,,,,,,
,,,,uncomfortable,heartbreak,,,,,,,,,,,,
,,,,bars,liner,,,,,,,,,,,,
,,,,meet,schultz,,,,,,,,,,,,
,,,,tree,australia,,,,,,,,,,,,
,,,,retreat,stitch,,,,,,,,,,,,
,,,,amusement,partnerships,,,,,,,,,,,,
,,,,aid,,,,,,,,,,,,,
,,,,christ,,,,,,,,,,,,,
,,,,kinds,,,,,,,,,,,,,
,,,,orders,,,,,,,,,,,,,
,,,,earlier,,,,,,,,,,,,,
,,,,referred,,,,,,,,,,,,,
,,,,removed,,,,,,,,,,,,,
,,,,ivan,,,,,,,,,,,,,
,,,,1957,,,,,,,,,,,,,
,,,,occupied,,,,,,,,,,,,,
,,,,72,,,,,,,,,,,,,
,,,,meant,,,,,,,,,,,,,
,,,,tall,,,,,,,,,,,,,
,,,,retiring,,,,,,,,,,,,,
,,,,mission,,,,,,,,,,,,,
,,,,writers,,,,,,,,,,,,,
,,,,tie,,,,,,,,,,,,,
,,,,register,,,,,,,,,,,,,
,,,,87,,,,,,,,,,,,,
,,,,draw,,,,,,,,,,,,,
,,,,guitar,,,,,,,,,,,,,
,,,,page,,,,,,,,,,,,,
,,,,automatically,,,,,,,,,,,,,
,,,,improve,,,,,,,,,,,,,
,,,,solely,,,,,,,,,,,,,
,,,,breed,,,,,,,,,,,,,
,,,,experimental,,,,,,,,,,,,,
,,,,creatures,,,,,,,,,,,,,
,,,,trained,,,,,,,,,,,,,
,,,,reporting,,,,,,,,,,,,,
,,,,manager,,,,,,,,,,,,,
,,,,pan,,,,,,,,,,,,,
,,,,phoenix,,,,,,,,,,,,,
,,,,reaches,,,,,,,,,,,,,
,,,,views,,,,,,,,,,,,,
,,,,crisis,,,,,,,,,,,,,
,,,,sullivan,,,,,,,,,,,,,
,,,,rings,,,,,,,,,,,,,
,,,,communication,,,,,,,,,,,,,
,,,,mama,,,,,,,,,,,,,
,,,,gain,,,,,,,,,,,,,
,,,,52,,,,,,,,,,,,,
,,,,secret,,,,,,,,,,,,,
,,,,1933,,,,,,,,,,,,,
,,,,servants,,,,,,,,,,,,,
,,,,groups,,,,,,,,,,,,,
,,,,gas,,,,,,,,,,,,,
,,,,describes,,,,,,,,,,,,,
,,,,fork,,,,,,,,,,,,,
,,,,error,,,,,,,,,,,,,
,,,,collaboration,,,,,,,,,,,,,
,,,,ordered,,,,,,,,,,,,,
,,,,tend,,,,,,,,,,,,,
,,,,1960s,,,,,,,,,,,,,
,,,,notably,,,,,,,,,,,,,
,,,,sustained,,,,,,,,,,,,,
,,,,pocket,,,,,,,,,,,,,
,,,,outer,,,,,,,,,,,,,
,,,,limits,,,,,,,,,,,,,
,,,,electoral,,,,,,,,,,,,,
,,,,instrument,,,,,,,,,,,,,
,,,,reportedly,,,,,,,,,,,,,
,,,,dimensional,,,,,,,,,,,,,
,,,,pushed,,,,,,,,,,,,,
,,,,grain,,,,,,,,,,,,,
,,,,spain,,,,,,,,,,,,,
,,,,controversial,,,,,,,,,,,,,
,,,,university,,,,,,,,,,,,,
,,,,departments,,,,,,,,,,,,,
,,,,developments,,,,,,,,,,,,,
,,,,mounted,,,,,,,,,,,,,
,,,,discussion,,,,,,,,,,,,,
,,,,byzantine,,,,,,,,,,,,,
,,,,experiment,,,,,,,,,,,,,
,,,,mass,,,,,,,,,,,,,
,,,,according,,,,,,,,,,,,,
,,,,pc,,,,,,,,,,,,,
,,,,stability,,,,,,,,,,,,,
,,,,football,,,,,,,,,,,,,
,,,,percussion,,,,,,,,,,,,,
,,,,brass,,,,,,,,,,,,,
,,,,spots,,,,,,,,,,,,,
,,,,ninth,,,,,,,,,,,,,
,,,,map,,,,,,,,,,,,,
,,,,torn,,,,,,,,,,,,,
,,,,approached,,,,,,,,,,,,,
,,,,harvey,,,,,,,,,,,,,
,,,,invented,,,,,,,,,,,,,
,,,,wrote,,,,,,,,,,,,,
,,,,harbor,,,,,,,,,,,,,
,,,,pearl,,,,,,,,,,,,,
,,,,farm,,,,,,,,,,,,,
,,,,veteran,,,,,,,,,,,,,
,,,,border,,,,,,,,,,,,,
,,,,clock,,,,,,,,,,,,,
,,,,shoes,,,,,,,,,,,,,
,,,,agency,,,,,,,,,,,,,
,,,,boss,,,,,,,,,,,,,
,,,,bread,,,,,,,,,,,,,
,,,,corners,,,,,,,,,,,,,
,,,,matrix,,,,,,,,,,,,,
,,,,section,,,,,,,,,,,,,
,,,,tools,,,,,,,,,,,,,
,,,,reflected,,,,,,,,,,,,,
,,,,monday,,,,,,,,,,,,,
,,,,departure,,,,,,,,,,,,,
,,,,prisoners,,,,,,,,,,,,,
,,,,murray,,,,,,,,,,,,,
,,,,ireland,,,,,,,,,,,,,
,,,,classes,,,,,,,,,,,,,
,,,,shore,,,,,,,,,,,,,
,,,,founders,,,,,,,,,,,,,
,,,,thoughts,,,,,,,,,,,,,
,,,,1975,,,,,,,,,,,,,
,,,,derek,,,,,,,,,,,,,
,,,,bo,,,,,,,,,,,,,
,,,,normally,,,,,,,,,,,,,
,,,,housing,,,,,,,,,,,,,
,,,,options,,,,,,,,,,,,,
,,,,sources,,,,,,,,,,,,,
,,,,arriving,,,,,,,,,,,,,
,,,,lightly,,,,,,,,,,,,,
,,,,vacant,,,,,,,,,,,,,
,,,,seemed,,,,,,,,,,,,,
,,,,mentioned,,,,,,,,,,,,,
,,,,1973,,,,,,,,,,,,,
,,,,roy,,,,,,,,,,,,,
,,,,negative,,,,,,,,,,,,,
,,,,eric,,,,,,,,,,,,,
,,,,editorial,,,,,,,,,,,,,
,,,,brussels,,,,,,,,,,,,,
,,,,analysis,,,,,,,,,,,,,
,,,,fix,,,,,,,,,,,,,
,,,,reception,,,,,,,,,,,,,
,,,,grave,,,,,,,,,,,,,
,,,,jaw,,,,,,,,,,,,,
,,,,split,,,,,,,,,,,,,
,,,,dear,,,,,,,,,,,,,
,,,,grip,,,,,,,,,,,,,
,,,,contact,,,,,,,,,,,,,
,,,,circles,,,,,,,,,,,,,
,,,,row,,,,,,,,,,,,,
,,,,seeds,,,,,,,,,,,,,
,,,,limit,,,,,,,,,,,,,
,,,,parties,,,,,,,,,,,,,
,,,,apartments,,,,,,,,,,,,,
,,,,les,,,,,,,,,,,,,
,,,,jam,,,,,,,,,,,,,
,,,,delay,,,,,,,,,,,,,
,,,,losses,,,,,,,,,,,,,
,,,,concrete,,,,,,,,,,,,,
,,,,examples,,,,,,,,,,,,,
,,,,wide,,,,,,,,,,,,,
,,,,mountains,,,,,,,,,,,,,
,,,,rates,,,,,,,,,,,,,
,,,,steps,,,,,,,,,,,,,
,,,,climbing,,,,,,,,,,,,,
,,,,drawings,,,,,,,,,,,,,
,,,,interests,,,,,,,,,,,,,
,,,,reduce,,,,,,,,,,,,,
,,,,protecting,,,,,,,,,,,,,
,,,,controlling,,,,,,,,,,,,,
,,,,guardian,,,,,,,,,,,,,
,,,,iranian,,,,,,,,,,,,,
,,,,challenge,,,,,,,,,,,,,
,,,,column,,,,,,,,,,,,,
,,,,jacket,,,,,,,,,,,,,
,,,,track,,,,,,,,,,,,,
,,,,lose,,,,,,,,,,,,,
,,,,schools,,,,,,,,,,,,,
,,,,commitment,,,,,,,,,,,,,
,,,,defend,,,,,,,,,,,,,
,,,,daniel,,,,,,,,,,,,,
,,,,1930s,,,,,,,,,,,,,
,,,,davis,,,,,,,,,,,,,
,,,,activities,,,,,,,,,,,,,
,,,,apply,,,,,,,,,,,,,
,,,,loyalty,,,,,,,,,,,,,
,,,,bible,,,,,,,,,,,,,
,,,,requires,,,,,,,,,,,,,
,,,,gray,,,,,,,,,,,,,
,,,,sending,,,,,,,,,,,,,
,,,,influential,,,,,,,,,,,,,
,,,,hills,,,,,,,,,,,,,
,,,,guilt,,,,,,,,,,,,,
,,,,conflicts,,,,,,,,,,,,,
,,,,ratio,,,,,,,,,,,,,
,,,,press,,,,,,,,,,,,,
,,,,candidate,,,,,,,,,,,,,
,,,,seventeen,,,,,,,,,,,,,
,,,,austrian,,,,,,,,,,,,,
,,,,1950s,,,,,,,,,,,,,
,,,,valid,,,,,,,,,,,,,
,,,,August,,,,,,,,,,,,,
,,,,contributions,,,,,,,,,,,,,
,,,,matches,,,,,,,,,,,,,
,,,,doc,,,,,,,,,,,,,
,,,,replacing,,,,,,,,,,,,,
,,,,tracking,,,,,,,,,,,,,
,,,,joan,,,,,,,,,,,,,
,,,,tourists,,,,,,,,,,,,,
,,,,deny,,,,,,,,,,,,,
,,,,classified,,,,,,,,,,,,,
,,,,officer,,,,,,,,,,,,,
,,,,throat,,,,,,,,,,,,,
,,,,solo,,,,,,,,,,,,,
,,,,wash,,,,,,,,,,,,,
,,,,depicted,,,,,,,,,,,,,
,,,,conversion,,,,,,,,,,,,,
,,,,led,,,,,,,,,,,,,
,,,,trio,,,,,,,,,,,,,
,,,,columbia,,,,,,,,,,,,,
,,,,75,,,,,,,,,,,,,
,,,,sharing,,,,,,,,,,,,,
,,,,beliefs,,,,,,,,,,,,,
,,,,fingers,,,,,,,,,,,,,
,,,,hardy,,,,,,,,,,,,,
,,,,cuban,,,,,,,,,,,,,
,,,,covered,,,,,,,,,,,,,
,,,,freight,,,,,,,,,,,,,
,,,,destruction,,,,,,,,,,,,,
,,,,cheeks,,,,,,,,,,,,,
,,,,88,,,,,,,,,,,,,
,,,,pa,,,,,,,,,,,,,
,,,,chicken,,,,,,,,,,,,,
,,,,simpson,,,,,,,,,,,,,
,,,,butler,,,,,,,,,,,,,
,,,,provincial,,,,,,,,,,,,,
,,,,discovered,,,,,,,,,,,,,
,,,,bull,,,,,,,,,,,,,
,,,,71,,,,,,,,,,,,,
,,,,ye,,,,,,,,,,,,,
,,,,supplies,,,,,,,,,,,,,
,,,,suffered,,,,,,,,,,,,,
,,,,cancer,,,,,,,,,,,,,
,,,,argue,,,,,,,,,,,,,
,,,,joins,,,,,,,,,,,,,
,,,,fraser,,,,,,,,,,,,,
,,,,suddenly,,,,,,,,,,,,,
,,,,admitted,,,,,,,,,,,,,
,,,,acres,,,,,,,,,,,,,
,,,,crash,,,,,,,,,,,,,
,,,,proven,,,,,,,,,,,,,
,,,,portraits,,,,,,,,,,,,,
,,,,increase,,,,,,,,,,,,,
,,,,teachers,,,,,,,,,,,,,
,,,,alleged,,,,,,,,,,,,,
,,,,anton,,,,,,,,,,,,,
,,,,inc,,,,,,,,,,,,,
,,,,consequence,,,,,,,,,,,,,
,,,,flood,,,,,,,,,,,,,
,,,,1970,,,,,,,,,,,,,
,,,,personally,,,,,,,,,,,,,
,,,,newcastle,,,,,,,,,,,,,
,,,,testing,,,,,,,,,,,,,
,,,,ok,,,,,,,,,,,,,
,,,,fellowship,,,,,,,,,,,,,
,,,,advanced,,,,,,,,,,,,,
,,,,mediterranean,,,,,,,,,,,,,
,,,,marshall,,,,,,,,,,,,,
,,,,wheels,,,,,,,,,,,,,
,,,,framework,,,,,,,,,,,,,
,,,,detective,,,,,,,,,,,,,
,,,,difficulty,,,,,,,,,,,,,
,,,,kurt,,,,,,,,,,,,,
,,,,patent,,,,,,,,,,,,,
,,,,widely,,,,,,,,,,,,,
,,,,appropriate,,,,,,,,,,,,,
,,,,lisa,,,,,,,,,,,,,
,,,,managing,,,,,,,,,,,,,
,,,,jury,,,,,,,,,,,,,
,,,,connections,,,,,,,,,,,,,
,,,,temple,,,,,,,,,,,,,
,,,,religious,,,,,,,,,,,,,
,,,,entering,,,,,,,,,,,,,
,,,,spoken,,,,,,,,,,,,,
,,,,scoring,,,,,,,,,,,,,
,,,,collar,,,,,,,,,,,,,
,,,,telephone,,,,,,,,,,,,,
,,,,sword,,,,,,,,,,,,,
,,,,parent,,,,,,,,,,,,,
,,,,hence,,,,,,,,,,,,,
,,,,brow,,,,,,,,,,,,,
,,,,knight,,,,,,,,,,,,,
,,,,ceo,,,,,,,,,,,,,
,,,,everybody,,,,,,,,,,,,,
,,,,respond,,,,,,,,,,,,,
,,,,sixth,,,,,,,,,,,,,
,,,,incident,,,,,,,,,,,,,
,,,,normal,,,,,,,,,,,,,
,,,,divisions,,,,,,,,,,,,,
,,,,kept,,,,,,,,,,,,,
,,,,pointing,,,,,,,,,,,,,
,,,,self,,,,,,,,,,,,,
,,,,faced,,,,,,,,,,,,,
,,,,graves,,,,,,,,,,,,,
,,,,peaked,,,,,,,,,,,,,
,,,,howard,,,,,,,,,,,,,
,,,,orange,,,,,,,,,,,,,
,,,,generations,,,,,,,,,,,,,
,,,,korea,,,,,,,,,,,,,
,,,,blues,,,,,,,,,,,,,
,,,,feed,,,,,,,,,,,,,
,,,,ali,,,,,,,,,,,,,
,,,,enemies,,,,,,,,,,,,,
,,,,refers,,,,,,,,,,,,,
,,,,theological,,,,,,,,,,,,,
,,,,standing,,,,,,,,,,,,,
,,,,shadows,,,,,,,,,,,,,
,,,,hitler,,,,,,,,,,,,,
,,,,versus,,,,,,,,,,,,,
,,,,alice,,,,,,,,,,,,,
,,,,writings,,,,,,,,,,,,,
,,,,soft,,,,,,,,,,,,,
,,,,clinical,,,,,,,,,,,,,
,,,,1962,,,,,,,,,,,,,
,,,,communications,,,,,,,,,,,,,
,,,,thirteen,,,,,,,,,,,,,
,,,,closure,,,,,,,,,,,,,
,,,,pet,,,,,,,,,,,,,
,,,,1987,,,,,,,,,,,,,
,,,,fabric,,,,,,,,,,,,,
,,,,height,,,,,,,,,,,,,
,,,,abilities,,,,,,,,,,,,,
,,,,commune,,,,,,,,,,,,,
,,,,pipe,,,,,,,,,,,,,
,,,,everywhere,,,,,,,,,,,,,
,,,,1959,,,,,,,,,,,,,
,,,,raymond,,,,,,,,,,,,,
,,,,hurried,,,,,,,,,,,,,
,,,,crystal,,,,,,,,,,,,,
,,,,bath,,,,,,,,,,,,,
,,,,stands,,,,,,,,,,,,,
,,,,casualties,,,,,,,,,,,,,
,,,,supply,,,,,,,,,,,,,
,,,,plan,,,,,,,,,,,,,
,,,,muscles,,,,,,,,,,,,,
,,,,castle,,,,,,,,,,,,,
,,,,wing,,,,,,,,,,,,,
,,,,sky,,,,,,,,,,,,,
,,,,prayer,,,,,,,,,,,,,
,,,,suicide,,,,,,,,,,,,,
,,,,essay,,,,,,,,,,,,,
,,,,expansion,,,,,,,,,,,,,
,,,,continuing,,,,,,,,,,,,,
,,,,eve,,,,,,,,,,,,,
,,,,diversity,,,,,,,,,,,,,
,,,,defensive,,,,,,,,,,,,,
,,,,trials,,,,,,,,,,,,,
,,,,ace,,,,,,,,,,,,,
,,,,tanks,,,,,,,,,,,,,
,,,,lasting,,,,,,,,,,,,,
,,,,exposed,,,,,,,,,,,,,
,,,,virgin,,,,,,,,,,,,,
,,,,individuals,,,,,,,,,,,,,
,,,,rate,,,,,,,,,,,,,
,,,,lifting,,,,,,,,,,,,,
,,,,1997,,,,,,,,,,,,,
,,,,blond,,,,,,,,,,,,,
,,,,calling,,,,,,,,,,,,,
,,,,whereas,,,,,,,,,,,,,
,,,,alan,,,,,,,,,,,,,
,,,,warner,,,,,,,,,,,,,
,,,,roland,,,,,,,,,,,,,
,,,,wondered,,,,,,,,,,,,,
,,,,types,,,,,,,,,,,,,
,,,,trading,,,,,,,,,,,,,
,,,,echo,,,,,,,,,,,,,
,,,,africa,,,,,,,,,,,,,
,,,,lips,,,,,,,,,,,,,
,,,,hood,,,,,,,,,,,,,
,,,,occurs,,,,,,,,,,,,,
,,,,compositions,,,,,,,,,,,,,
,,,,imposed,,,,,,,,,,,,,
,,,,leonard,,,,,,,,,,,,,
,,,,leader,,,,,,,,,,,,,
,,,,narrow,,,,,,,,,,,,,
,,,,subsequent,,,,,,,,,,,,,
,,,,palm,,,,,,,,,,,,,
,,,,routes,,,,,,,,,,,,,
,,,,rose,,,,,,,,,,,,,
,,,,bernard,,,,,,,,,,,,,
,,,,married,,,,,,,,,,,,,
,,,,michelle,,,,,,,,,,,,,
,,,,pregnant,,,,,,,,,,,,,
,,,,resources,,,,,,,,,,,,,
,,,,kane,,,,,,,,,,,,,
,,,,triple,,,,,,,,,,,,,
,,,,rough,,,,,,,,,,,,,
,,,,78,,,,,,,,,,,,,
,,,,21,,,,,,,,,,,,,
,,,,centers,,,,,,,,,,,,,
,,,,chocolate,,,,,,,,,,,,,
,,,,answered,,,,,,,,,,,,,
,,,,nuclear,,,,,,,,,,,,,
,,,,drunk,,,,,,,,,,,,,
,,,,expensive,,,,,,,,,,,,,
,,,,china,,,,,,,,,,,,,
,,,,dress,,,,,,,,,,,,,
,,,,double,,,,,,,,,,,,,
,,,,males,,,,,,,,,,,,,
,,,,aim,,,,,,,,,,,,,
,,,,underground,,,,,,,,,,,,,
,,,,depending,,,,,,,,,,,,,
,,,,considerably,,,,,,,,,,,,,
,,,,dave,,,,,,,,,,,,,
,,,,walks,,,,,,,,,,,,,
,,,,1972,,,,,,,,,,,,,
,,,,ram,,,,,,,,,,,,,
,,,,laser,,,,,,,,,,,,,
,,,,illustrated,,,,,,,,,,,,,
,,,,relaxed,,,,,,,,,,,,,
,,,,vampires,,,,,,,,,,,,,
,,,,tonight,,,,,,,,,,,,,
,,,,lyrics,,,,,,,,,,,,,
,,,,citizen,,,,,,,,,,,,,
,,,,uk,,,,,,,,,,,,,
,,,,write,,,,,,,,,,,,,
,,,,australia,,,,,,,,,,,,,
,,,,plane,,,,,,,,,,,,,
,,,,banking,,,,,,,,,,,,,
,,,,assets,,,,,,,,,,,,,
,,,,partners,,,,,,,,,,,,,